{
  "video_key": "Midnight_Lightning__V8___Camp_4___Yosemite_NP_20260711-124745",
  "route_folder": "midnight-lightning",
  "run_ts": "20260717-232501",
  "written_at": "2026-07-17T23:25:01",
  "type": "orb",
  "data": {
    "setupHash": "a6687778309fa12b9450c9f29220f6f9986c9bd903c67b7ac73c1bb0760d3b9c",
    "appVersion": "744813e",
    "referenceFrameMeta": {
      "width": 1280,
      "height": 720,
      "refKeypointCount": 3000,
      "overall": {
        "mean": 114.940224609375,
        "stdDev": 41.60483359966488,
        "sharpness": 171.72841195844373
      },
      "climber": {
        "mean": 129.49532055246343,
        "stdDev": 36.24782038038564,
        "sharpness": 111.68321648451092
      },
      "wall": {
        "mean": 128.1045210237488,
        "stdDev": 35.46328373948412,
        "sharpness": 125.42904112276481
      },
      "flags": {
        "isOverexposed": false,
        "isUnderexposed": false,
        "isBacklit": false,
        "isLowContrast": false,
        "isBlurry": false
      }
    },
    "summary": {
      "refKeypointCount": 3000,
      "keyframeCount": 64,
      "keyframeKeypoints": {
        "min": 3000,
        "avg": 3000,
        "max": 3000
      }
    }
  }
}