{
  "video_key": "Midnight_Lightning__V8___Camp_4___Yosemite_NP_20260711-124745",
  "route_folder": "midnight-lightning",
  "run_ts": "20260711-130151",
  "written_at": "2026-07-11T13:01:51",
  "type": "orb",
  "data": {
    "setupHash": "5f34c05df0f66f018c630c517c0e4de32dc35e66c76d8979d1a7d37505e8ff62",
    "appVersion": "0a52b62",
    "referenceFrameMeta": {
      "width": 1280,
      "height": 720,
      "refKeypointCount": 3000,
      "overall": {
        "mean": 114.940224609375,
        "stdDev": 41.60483359966488,
        "sharpness": 171.72841195844373
      },
      "climber": {
        "mean": 129.49532055246343,
        "stdDev": 36.24782038038564,
        "sharpness": 111.68321648451092
      },
      "wall": {
        "mean": 128.56516553098075,
        "stdDev": 35.80933823340285,
        "sharpness": 126.18146893586163
      },
      "flags": {
        "isOverexposed": false,
        "isUnderexposed": false,
        "isBacklit": false,
        "isLowContrast": false,
        "isBlurry": false
      }
    },
    "summary": {
      "refKeypointCount": 3000,
      "keyframeCount": 64,
      "keyframeKeypoints": {
        "min": 3000,
        "avg": 3000,
        "max": 3000
      }
    }
  }
}