{
  "video_key": "JvlaK82BUPA_20260721-224659",
  "route_folder": "rug-rat",
  "run_ts": "20260723-111348",
  "written_at": "2026-07-23T11:13:48",
  "type": "orb",
  "data": {
    "setupHash": "f7e4bd6a983c4d064e1ba6b83001accd84bbd9d4e63c98f697382610d3161c01",
    "appVersion": "f7af59a",
    "referenceFrameMeta": {
      "width": 1280,
      "height": 720,
      "refKeypointCount": 1473,
      "overall": {
        "mean": 93.67271809895833,
        "stdDev": 40.51785779631913,
        "sharpness": 186.66859727336487
      },
      "climber": {
        "mean": 100.70960782266765,
        "stdDev": 38.40748769104896,
        "sharpness": 200.41662893819012
      },
      "wall": {
        "mean": 108.20846291866029,
        "stdDev": 24.370345099014017,
        "sharpness": 75.13343476510818
      },
      "flags": {
        "isOverexposed": false,
        "isUnderexposed": false,
        "isBacklit": false,
        "isLowContrast": false,
        "isBlurry": false
      }
    },
    "summary": {
      "refKeypointCount": 1473,
      "keyframeCount": 0,
      "keyframeKeypoints": {
        "min": 0,
        "avg": 0,
        "max": 0
      }
    }
  }
}