{
  "video_key": "PC5eZ0Pys90_20260711-144440",
  "route_folder": "get-carter",
  "run_ts": "20260719-202118",
  "written_at": "2026-07-19T20:21:18",
  "type": "orb",
  "data": {
    "setupHash": "63debea7b8c26877195b46f25e2ee2578f4cfa931a46d7224e78895ece05664c",
    "appVersion": "4f0d3f8",
    "referenceFrameMeta": {
      "width": 1280,
      "height": 720,
      "refKeypointCount": 3000,
      "overall": {
        "mean": 134.26470269097223,
        "stdDev": 66.13669383855768,
        "sharpness": 255.63533272433418
      },
      "climber": {
        "mean": 74.60688683341662,
        "stdDev": 27.243077225741455,
        "sharpness": 141.5484500738094
      },
      "wall": {
        "mean": 117.66027974004474,
        "stdDev": 51.626607026775766,
        "sharpness": 261.2933676781977
      },
      "flags": {
        "isOverexposed": false,
        "isUnderexposed": false,
        "isBacklit": false,
        "isLowContrast": false,
        "isBlurry": false
      }
    },
    "summary": {
      "refKeypointCount": 3000,
      "keyframeCount": 0,
      "keyframeKeypoints": {
        "min": 0,
        "avg": 0,
        "max": 0
      }
    }
  }
}