{
  "video_key": "PC5eZ0Pys90_20260711-144440",
  "route_folder": "get-carter",
  "run_ts": "20260717-230711",
  "written_at": "2026-07-17T23:07:11",
  "type": "orb",
  "data": {
    "setupHash": "6f55111a9e27a7dfc5bb944806012926e4990b33cd092a3f0bb52fe7ba161fef",
    "appVersion": "744813e",
    "referenceFrameMeta": {
      "width": 1280,
      "height": 720,
      "refKeypointCount": 3000,
      "overall": {
        "mean": 134.26470269097223,
        "stdDev": 66.13669383855768,
        "sharpness": 255.63533272433418
      },
      "climber": {
        "mean": 63.71830750982282,
        "stdDev": 22.82699372985872,
        "sharpness": 107.55577277615156
      },
      "wall": {
        "mean": 98.49724295190713,
        "stdDev": 37.90442968117409,
        "sharpness": 219.45736445067087
      },
      "flags": {
        "isOverexposed": false,
        "isUnderexposed": false,
        "isBacklit": true,
        "isLowContrast": false,
        "isBlurry": false
      }
    },
    "summary": {
      "refKeypointCount": 3000,
      "keyframeCount": 0,
      "keyframeKeypoints": {
        "min": 0,
        "avg": 0,
        "max": 0
      }
    }
  }
}