{
  "video_key": "PC5eZ0Pys90_20260711-144440",
  "route_folder": "get-carter",
  "run_ts": "20260711-152358",
  "written_at": "2026-07-11T15:23:58",
  "type": "orb",
  "data": {
    "setupHash": "01ff4e54b682fc87d9a5d2f0ca5763ecf4e8853c7a107dbdd5d154e37ebe2fe8",
    "appVersion": "0a52b62",
    "referenceFrameMeta": {
      "width": 1280,
      "height": 720,
      "refKeypointCount": 3000,
      "overall": {
        "mean": 134.26470269097223,
        "stdDev": 66.13669383855768,
        "sharpness": 255.63533272433418
      },
      "climber": {
        "mean": 68.47751460090849,
        "stdDev": 22.51647947297645,
        "sharpness": 119.4149849460482
      },
      "wall": {
        "mean": 102.34091125706165,
        "stdDev": 41.399061113047736,
        "sharpness": 237.8809048904386
      },
      "flags": {
        "isOverexposed": false,
        "isUnderexposed": false,
        "isBacklit": true,
        "isLowContrast": false,
        "isBlurry": false
      }
    },
    "summary": {
      "refKeypointCount": 3000,
      "keyframeCount": 0,
      "keyframeKeypoints": {
        "min": 0,
        "avg": 0,
        "max": 0
      }
    }
  }
}