{
  "counts": {
    "matchedFrames": 76,
    "scannerMissingFrames": 298,
    "torsoUndefinedFrames": 22,
    "truthFramesAbsent": 83,
    "truthFramesTotal": 479
  },
  "joinToleranceSec": 0.05000000000000071,
  "jointSet": [
    "nose",
    "left_shoulder",
    "right_shoulder",
    "left_elbow",
    "right_elbow",
    "left_wrist",
    "right_wrist",
    "left_hip",
    "right_hip",
    "left_knee",
    "right_knee",
    "left_ankle",
    "right_ankle"
  ],
  "metric": "PCK@0.5-torso",
  "perJoint": {
    "left_ankle": {
      "correct": 69,
      "pck": 0.9078947368421053,
      "total": 76
    },
    "left_elbow": {
      "correct": 75,
      "pck": 0.9868421052631579,
      "total": 76
    },
    "left_hip": {
      "correct": 74,
      "pck": 0.9736842105263158,
      "total": 76
    },
    "left_knee": {
      "correct": 60,
      "pck": 0.8955223880597015,
      "total": 67
    },
    "left_shoulder": {
      "correct": 75,
      "pck": 0.9868421052631579,
      "total": 76
    },
    "left_wrist": {
      "correct": 67,
      "pck": 0.9305555555555556,
      "total": 72
    },
    "nose": {
      "correct": 62,
      "pck": 0.96875,
      "total": 64
    },
    "right_ankle": {
      "correct": 65,
      "pck": 0.8666666666666667,
      "total": 75
    },
    "right_elbow": {
      "correct": 31,
      "pck": 0.49206349206349204,
      "total": 63
    },
    "right_hip": {
      "correct": 71,
      "pck": 0.9342105263157895,
      "total": 76
    },
    "right_knee": {
      "correct": 61,
      "pck": 0.8472222222222222,
      "total": 72
    },
    "right_shoulder": {
      "correct": 74,
      "pck": 0.9736842105263158,
      "total": 76
    },
    "right_wrist": {
      "correct": 24,
      "pck": 0.47058823529411764,
      "total": 51
    }
  },
  "routeFolder": "maze-of-death",
  "runTs": "20260717-214308",
  "scannerFrameIntervalSec": 0.10000000000000142,
  "schemaVersion": 1,
  "setupHash": "6b1a7c49b06718f6af8384134d65d6de12e8c9c8322b423b1b37e458502550de",
  "truthHash": "9441445ac7a5c36b875ef9072b262a2699add28d9b4bed41d8a8320913193afd",
  "truthSetupHashSource": "truth",
  "truthSource": "ground-truth",
  "videoKey": "Bishop_Bouldering__A_Maze_of_Death__V12___1__20260711-113258"
}
