{
  "video_key": "gyw85zyR0x8_20260722-191730",
  "route_folder": "slashface",
  "run_ts": "20260723-092437",
  "written_at": "2026-07-23T09:24:37",
  "type": "orb",
  "data": {
    "setupHash": "756a333dd98541e4e9c9cc3370ab15c90af8e0e085ccea86b1a7b9af811ceb45",
    "appVersion": "f7af59a",
    "referenceFrameMeta": {
      "width": 1280,
      "height": 720,
      "refKeypointCount": 3000,
      "overall": {
        "mean": 105.72008246527778,
        "stdDev": 41.734809813473554,
        "sharpness": 77.64770599851
      },
      "climber": {
        "mean": 67.25516230366492,
        "stdDev": 22.57905673834833,
        "sharpness": 21.458993132426258
      },
      "wall": {
        "mean": 97.22385927122599,
        "stdDev": 16.28546666364342,
        "sharpness": 38.747863123395284
      },
      "flags": {
        "isOverexposed": false,
        "isUnderexposed": false,
        "isBacklit": false,
        "isLowContrast": false,
        "isBlurry": false
      }
    },
    "summary": {
      "refKeypointCount": 3000,
      "keyframeCount": 0,
      "keyframeKeypoints": {
        "min": 0,
        "avg": 0,
        "max": 0
      }
    }
  }
}