{
  "video_key": "iewxlKJNhC8_20260713-171855",
  "route_folder": "maze-of-death",
  "run_ts": "20260717-214559",
  "written_at": "2026-07-17T21:45:59",
  "type": "orb",
  "data": {
    "setupHash": "87ea0bb96524fdbb20f8f1a749890f86b70afff0a76e6c8185d4adbb9b4d02c7",
    "appVersion": "744813e",
    "referenceFrameMeta": {
      "width": 960,
      "height": 720,
      "refKeypointCount": 2654,
      "overall": {
        "mean": 68.08773582175925,
        "stdDev": 67.5305175615901,
        "sharpness": 86.20106479470995
      },
      "climber": {
        "mean": 151.72782258064515,
        "stdDev": 41.815642831492596,
        "sharpness": 108.2528040835896
      },
      "wall": {
        "mean": 124.78930845950492,
        "stdDev": 46.33664640189355,
        "sharpness": 117.87109096683706
      },
      "flags": {
        "isOverexposed": false,
        "isUnderexposed": false,
        "isBacklit": false,
        "isLowContrast": false,
        "isBlurry": false
      }
    },
    "summary": {
      "refKeypointCount": 2654,
      "keyframeCount": 0,
      "keyframeKeypoints": {
        "min": 0,
        "avg": 0,
        "max": 0
      }
    }
  }
}