{
  "video_key": "QqPHFdyVC50_20260722-185919",
  "route_folder": "slashface",
  "run_ts": "20260723-092743",
  "written_at": "2026-07-23T09:27:43",
  "type": "orb",
  "data": {
    "setupHash": "95b1de5d30b55cd6acf247f8677d72a2de04ebf14ca76bf4c8e7964fb06e9d6d",
    "appVersion": "f7af59a",
    "referenceFrameMeta": {
      "width": 360,
      "height": 640,
      "refKeypointCount": 2735,
      "overall": {
        "mean": 148.44522135416668,
        "stdDev": 49.91717613465621,
        "sharpness": 159.58499086100346
      },
      "climber": {
        "mean": 137.98360655737704,
        "stdDev": 52.11248003401682,
        "sharpness": 201.63177173747135
      },
      "wall": {
        "mean": 169.96281637994318,
        "stdDev": 33.33335174585596,
        "sharpness": 190.37189895909248
      },
      "flags": {
        "isOverexposed": false,
        "isUnderexposed": false,
        "isBacklit": false,
        "isLowContrast": false,
        "isBlurry": false
      }
    },
    "summary": {
      "refKeypointCount": 2735,
      "keyframeCount": 0,
      "keyframeKeypoints": {
        "min": 0,
        "avg": 0,
        "max": 0
      }
    }
  }
}