{
  "video_key": "BjV5zliwnzI_20260721-224726",
  "route_folder": "rug-rat",
  "run_ts": "20260723-111229",
  "written_at": "2026-07-23T11:12:29",
  "type": "orb",
  "data": {
    "setupHash": "e9f1203fddc938f036b2cdcd98ecd3480677f7f3659b9217bf3313467e24961e",
    "appVersion": "f7af59a",
    "referenceFrameMeta": {
      "width": 360,
      "height": 640,
      "refKeypointCount": 1584,
      "overall": {
        "mean": 112.57451822916667,
        "stdDev": 57.7967227193979,
        "sharpness": 132.49049645451666
      },
      "climber": {
        "mean": 113.2640660430839,
        "stdDev": 49.85290683462552,
        "sharpness": 101.79421258033109
      },
      "wall": {
        "mean": 141.4496099609961,
        "stdDev": 35.27111397795666,
        "sharpness": 61.33331253557299
      },
      "flags": {
        "isOverexposed": false,
        "isUnderexposed": false,
        "isBacklit": false,
        "isLowContrast": false,
        "isBlurry": false
      }
    },
    "summary": {
      "refKeypointCount": 1584,
      "keyframeCount": 0,
      "keyframeKeypoints": {
        "min": 0,
        "avg": 0,
        "max": 0
      }
    }
  }
}