{
  "video_key": "The_Mandala_V12_uncut_Bishop__CA__bouldering__cl_20260711-141635",
  "route_folder": "mandala-the",
  "run_ts": "20260721-200850",
  "written_at": "2026-07-21T20:08:50",
  "type": "orb",
  "data": {
    "setupHash": "6afe2689e57dbfc41b619d2429fd5f7f30da07987417d6c7484de1c9bc3ff4fc",
    "appVersion": "495795e",
    "referenceFrameMeta": {
      "width": 360,
      "height": 640,
      "refKeypointCount": 2340,
      "overall": {
        "mean": 106.59395833333333,
        "stdDev": 45.32472229749992,
        "sharpness": 223.17508354552226
      },
      "climber": {
        "mean": 77.87693602693602,
        "stdDev": 30.52813748807578,
        "sharpness": 312.7627685352126
      },
      "wall": {
        "mean": 88.99249882794186,
        "stdDev": 35.85119680327974,
        "sharpness": 275.8263233672369
      },
      "flags": {
        "isOverexposed": false,
        "isUnderexposed": false,
        "isBacklit": false,
        "isLowContrast": false,
        "isBlurry": false
      }
    },
    "summary": {
      "refKeypointCount": 2340,
      "keyframeCount": 0,
      "keyframeKeypoints": {
        "min": 0,
        "avg": 0,
        "max": 0
      }
    }
  }
}