{
  "video_key": "The_Mandala_V12_uncut_Bishop__CA__bouldering__cl_20260711-141635",
  "route_folder": "mandala-the",
  "run_ts": "20260711-155737",
  "written_at": "2026-07-11T15:57:37",
  "type": "orb",
  "data": {
    "setupHash": "45adcfe35f1568a9347211ceb287862922f56476344c797a65de79a22f38a4ec",
    "appVersion": "0a52b62",
    "referenceFrameMeta": {
      "width": 360,
      "height": 640,
      "refKeypointCount": 2347,
      "overall": {
        "mean": 106.59395833333333,
        "stdDev": 45.32472229749992,
        "sharpness": 223.17508354552226
      },
      "climber": {
        "mean": 78.74073299159605,
        "stdDev": 26.381062022617158,
        "sharpness": 248.44133697338478
      },
      "wall": {
        "mean": 86.76777031969364,
        "stdDev": 32.04971239697207,
        "sharpness": 273.05016607168363
      },
      "flags": {
        "isOverexposed": false,
        "isUnderexposed": false,
        "isBacklit": false,
        "isLowContrast": false,
        "isBlurry": false
      }
    },
    "summary": {
      "refKeypointCount": 2347,
      "keyframeCount": 0,
      "keyframeKeypoints": {
        "min": 0,
        "avg": 0,
        "max": 0
      }
    }
  }
}