{
  "video_key": "mdESs9NYIc8_20260721-214621",
  "route_folder": "worlds-best-boulder-problem-V4",
  "run_ts": "20260721-223329",
  "written_at": "2026-07-21T22:33:29",
  "type": "orb",
  "data": {
    "setupHash": "01c40c3a2c02464fcbfd3e9d10f4ceef2534269a4a9a9362a48b9584bd6bfac1",
    "appVersion": "f7af59a",
    "referenceFrameMeta": {
      "width": 1280,
      "height": 720,
      "refKeypointCount": 1851,
      "overall": {
        "mean": 117.0137673611111,
        "stdDev": 77.44193470032828,
        "sharpness": 748.871186494387
      },
      "climber": {
        "mean": 116.10236502627806,
        "stdDev": 53.241014478420766,
        "sharpness": 689.4724431686591
      },
      "wall": {
        "mean": 130.60152650673496,
        "stdDev": 43.41663622984762,
        "sharpness": 647.9705389728297
      },
      "flags": {
        "isOverexposed": false,
        "isUnderexposed": false,
        "isBacklit": false,
        "isLowContrast": false,
        "isBlurry": false
      }
    },
    "summary": {
      "refKeypointCount": 1851,
      "keyframeCount": 0,
      "keyframeKeypoints": {
        "min": 0,
        "avg": 0,
        "max": 0
      }
    }
  }
}