{
  "video_key": "o9St0ACvnns_20260722-185417",
  "route_folder": "burden-of-dreams",
  "run_ts": "20260723-091743",
  "written_at": "2026-07-23T09:17:43",
  "type": "orb",
  "data": {
    "setupHash": "3c39e7932fb00e12ede48a4e81c341173311e630c290a1f835daeb28093f97ed",
    "appVersion": "f7af59a",
    "referenceFrameMeta": {
      "width": 360,
      "height": 640,
      "refKeypointCount": 2808,
      "overall": {
        "mean": 65.59691840277777,
        "stdDev": 24.42706705863584,
        "sharpness": 154.12649640794734
      },
      "climber": {
        "mean": 67.05346998928188,
        "stdDev": 27.25535548258763,
        "sharpness": 143.99506677263705
      },
      "wall": {
        "mean": 63.229200373867926,
        "stdDev": 20.09803948254747,
        "sharpness": 163.03061566998076
      },
      "flags": {
        "isOverexposed": false,
        "isUnderexposed": false,
        "isBacklit": false,
        "isLowContrast": true,
        "isBlurry": false
      }
    },
    "summary": {
      "refKeypointCount": 2808,
      "keyframeCount": 0,
      "keyframeKeypoints": {
        "min": 0,
        "avg": 0,
        "max": 0
      }
    }
  }
}