{
  "video_key": "ULvyFVQax9g_20260722-185949",
  "route_folder": "slashface",
  "run_ts": "20260723-092941",
  "written_at": "2026-07-23T09:29:41",
  "type": "orb",
  "data": {
    "setupHash": "76a8efed9c0215098ac5767a297edbf7b25b6047ec0dc02ef9ae13fba123f6d3",
    "appVersion": "f7af59a",
    "referenceFrameMeta": {
      "width": 360,
      "height": 640,
      "refKeypointCount": 2570,
      "overall": {
        "mean": 152.7776171875,
        "stdDev": 55.40300946890064,
        "sharpness": 594.2869024540487
      },
      "climber": {
        "mean": 140.4037598204265,
        "stdDev": 56.96748927545074,
        "sharpness": 951.4016184541507
      },
      "wall": {
        "mean": 155.15205700606805,
        "stdDev": 40.91315345279512,
        "sharpness": 755.4764616809952
      },
      "flags": {
        "isOverexposed": false,
        "isUnderexposed": false,
        "isBacklit": false,
        "isLowContrast": false,
        "isBlurry": false
      }
    },
    "summary": {
      "refKeypointCount": 2570,
      "keyframeCount": 0,
      "keyframeKeypoints": {
        "min": 0,
        "avg": 0,
        "max": 0
      }
    }
  }
}