{
  "video_key": "FXbIF6_kKj0_20260722-053852",
  "route_folder": "dominator",
  "run_ts": "20260723-091858",
  "written_at": "2026-07-23T09:18:58",
  "type": "orb",
  "data": {
    "setupHash": "562f23076fb12a4b01d4d839049ffea7b2c61371c12a53242dee7f036189e65c",
    "appVersion": "f7af59a",
    "referenceFrameMeta": {
      "width": 1280,
      "height": 720,
      "refKeypointCount": 2952,
      "overall": {
        "mean": 115.26284505208334,
        "stdDev": 52.76503579792562,
        "sharpness": 162.82827902543795
      },
      "climber": {
        "mean": 88.09846683137455,
        "stdDev": 37.57242810087354,
        "sharpness": 59.34445434685768
      },
      "wall": {
        "mean": 103.69438808456655,
        "stdDev": 34.6797922425743,
        "sharpness": 60.78281897042507
      },
      "flags": {
        "isOverexposed": false,
        "isUnderexposed": false,
        "isBacklit": false,
        "isLowContrast": false,
        "isBlurry": false
      }
    },
    "summary": {
      "refKeypointCount": 2952,
      "keyframeCount": 0,
      "keyframeKeypoints": {
        "min": 0,
        "avg": 0,
        "max": 0
      }
    }
  }
}