{
  "video_key": "O_dSHuXuMTU_20260721-213003",
  "route_folder": "worlds-best-boulder-problem-V4",
  "run_ts": "20260721-223557",
  "written_at": "2026-07-21T22:35:57",
  "type": "orb",
  "data": {
    "setupHash": "752224e10c48b45cb9acc0170bb7cd805b219be43e7e1159bae58fb37a8f3ffd",
    "appVersion": "f7af59a",
    "referenceFrameMeta": {
      "width": 360,
      "height": 640,
      "refKeypointCount": 2277,
      "overall": {
        "mean": 132.4427560763889,
        "stdDev": 45.088094567682965,
        "sharpness": 190.95576635996622
      },
      "climber": {
        "mean": 107.02951140292669,
        "stdDev": 43.02203067278138,
        "sharpness": 253.7673854205568
      },
      "wall": {
        "mean": 109.43146170195593,
        "stdDev": 32.80673218867923,
        "sharpness": 204.6512577566973
      },
      "flags": {
        "isOverexposed": false,
        "isUnderexposed": false,
        "isBacklit": false,
        "isLowContrast": false,
        "isBlurry": false
      }
    },
    "summary": {
      "refKeypointCount": 2277,
      "keyframeCount": 0,
      "keyframeKeypoints": {
        "min": 0,
        "avg": 0,
        "max": 0
      }
    }
  }
}