{
  "video_key": "Bishop_The_Mandala_V12_20260710-142554",
  "route_folder": "mandala-the",
  "run_ts": "20260713-112342",
  "written_at": "2026-07-13T11:23:42",
  "type": "orb",
  "data": {
    "setupHash": "40a80b8996bbfb8112e296626edb04e9eb030f6091c4c6c8477f3004b7751938",
    "appVersion": "8b061ed",
    "referenceFrameMeta": {
      "width": 1280,
      "height": 720,
      "refKeypointCount": 2157,
      "overall": {
        "mean": 131.33183919270834,
        "stdDev": 53.90624338710272,
        "sharpness": 161.54564452333216
      },
      "climber": {
        "mean": 67.3906894292651,
        "stdDev": 26.541570001974684,
        "sharpness": 104.66594439707114
      },
      "wall": {
        "mean": 84.04625523375368,
        "stdDev": 27.40435690058189,
        "sharpness": 88.3905152576881
      },
      "flags": {
        "isOverexposed": false,
        "isUnderexposed": false,
        "isBacklit": false,
        "isLowContrast": false,
        "isBlurry": false
      }
    },
    "summary": {
      "refKeypointCount": 2157,
      "keyframeCount": 0,
      "keyframeKeypoints": {
        "min": 0,
        "avg": 0,
        "max": 0
      }
    }
  }
}