{
  "video_key": "Bishop_The_Mandala_V12_20260710-142554",
  "route_folder": "mandala-the",
  "run_ts": "20260717-231018",
  "written_at": "2026-07-17T23:10:18",
  "type": "orb",
  "data": {
    "setupHash": "067a3edc1cc3a8ce8ebb5c2587cb7da137e19f75a5dbb7906afff9a5af6481db",
    "appVersion": "744813e",
    "referenceFrameMeta": {
      "width": 1280,
      "height": 720,
      "refKeypointCount": 1094,
      "overall": {
        "mean": 131.33183919270834,
        "stdDev": 53.90624338710272,
        "sharpness": 161.54564452333216
      },
      "climber": {
        "mean": 67.3397169994185,
        "stdDev": 26.598860176041892,
        "sharpness": 105.07303350131586
      },
      "wall": {
        "mean": 81.87946786956688,
        "stdDev": 26.393002467214732,
        "sharpness": 22.649782173670246
      },
      "flags": {
        "isOverexposed": false,
        "isUnderexposed": false,
        "isBacklit": false,
        "isLowContrast": false,
        "isBlurry": false
      }
    },
    "summary": {
      "refKeypointCount": 1094,
      "keyframeCount": 0,
      "keyframeKeypoints": {
        "min": 0,
        "avg": 0,
        "max": 0
      }
    }
  }
}