{
  "video_key": "Bishop_The_Mandala_V12_20260710-142554",
  "route_folder": "mandala-the",
  "run_ts": "20260721-183129",
  "written_at": "2026-07-21T18:31:29",
  "type": "orb",
  "data": {
    "setupHash": "cbde249e1b7f999ac27069e661cec37f34d5bb187e67e3fc95e137b7d9e02b63",
    "appVersion": "495795e",
    "referenceFrameMeta": {
      "width": 1280,
      "height": 720,
      "refKeypointCount": 3000,
      "overall": {
        "mean": 131.33183919270834,
        "stdDev": 53.90624338710272,
        "sharpness": 161.54564452333216
      },
      "climber": {
        "mean": 76.72203843730308,
        "stdDev": 23.235665281337763,
        "sharpness": 58.51714445162361
      },
      "wall": {
        "mean": 128.4714315809779,
        "stdDev": 55.2631928979783,
        "sharpness": 171.0013191232374
      },
      "flags": {
        "isOverexposed": false,
        "isUnderexposed": false,
        "isBacklit": false,
        "isLowContrast": false,
        "isBlurry": false
      }
    },
    "summary": {
      "refKeypointCount": 3000,
      "keyframeCount": 0,
      "keyframeKeypoints": {
        "min": 0,
        "avg": 0,
        "max": 0
      }
    }
  }
}