{
  "video_key": "Planet_X__V6____Joshua_Tree__CA_20260711-142049",
  "route_folder": "planet-x",
  "run_ts": "20260711-171331",
  "written_at": "2026-07-11T17:13:31",
  "type": "orb",
  "data": {
    "setupHash": "f6a4fd2f0710ac3f9bb4a98b8921c39ec89bd3902d134d21d65b9440aa21ce99",
    "appVersion": "0a52b62",
    "referenceFrameMeta": {
      "width": 1280,
      "height": 720,
      "refKeypointCount": 3000,
      "overall": {
        "mean": 105.47198459201388,
        "stdDev": 60.740060224630824,
        "sharpness": 200.54579750332047
      },
      "climber": {
        "mean": 89.01752374713398,
        "stdDev": 52.29644945037973,
        "sharpness": 187.35726133723801
      },
      "wall": {
        "mean": 73.22652362033085,
        "stdDev": 33.117385766435405,
        "sharpness": 167.62302634205844
      },
      "flags": {
        "isOverexposed": false,
        "isUnderexposed": false,
        "isBacklit": false,
        "isLowContrast": false,
        "isBlurry": false
      }
    },
    "summary": {
      "refKeypointCount": 3000,
      "keyframeCount": 0,
      "keyframeKeypoints": {
        "min": 0,
        "avg": 0,
        "max": 0
      }
    }
  }
}