{
  "video_key": "Planet_X__V6____Joshua_Tree__CA_20260711-142049",
  "route_folder": "planet-x",
  "run_ts": "20260718-080111",
  "written_at": "2026-07-18T08:01:11",
  "type": "orb",
  "data": {
    "setupHash": "25051d751503f2dfb7ca1a9d20e7d7f35c61c58cd17a4b4e7a5c8d6bdf546c5d",
    "appVersion": "f8613fc",
    "referenceFrameMeta": {
      "width": 1280,
      "height": 720,
      "refKeypointCount": 3000,
      "overall": {
        "mean": 105.47198459201388,
        "stdDev": 60.740060224630824,
        "sharpness": 200.54579750332047
      },
      "climber": {
        "mean": 76.78587750515076,
        "stdDev": 27.140950052004385,
        "sharpness": 192.91224020757545
      },
      "wall": {
        "mean": 76.84781368782566,
        "stdDev": 34.57370605934189,
        "sharpness": 164.0512361456949
      },
      "flags": {
        "isOverexposed": false,
        "isUnderexposed": false,
        "isBacklit": false,
        "isLowContrast": false,
        "isBlurry": false
      }
    },
    "summary": {
      "refKeypointCount": 3000,
      "keyframeCount": 0,
      "keyframeKeypoints": {
        "min": 0,
        "avg": 0,
        "max": 0
      }
    }
  }
}