{
  "video_key": "Planet_X__V6____Joshua_Tree__CA_20260711-142049",
  "route_folder": "planet-x",
  "run_ts": "20260719-192246",
  "written_at": "2026-07-19T19:22:46",
  "type": "orb",
  "data": {
    "setupHash": "4a315a3133dcb2f66bb1f486ee0714ed357f0c45f3abf49dee36dd05165fa24a",
    "appVersion": "4f0d3f8",
    "referenceFrameMeta": {
      "width": 1280,
      "height": 720,
      "refKeypointCount": 3000,
      "overall": {
        "mean": 105.47198459201388,
        "stdDev": 60.740060224630824,
        "sharpness": 200.54579750332047
      },
      "climber": {
        "mean": 78.39349649062854,
        "stdDev": 39.57082554086053,
        "sharpness": 145.9985665597378
      },
      "wall": {
        "mean": 66.15287649838405,
        "stdDev": 27.94144635315633,
        "sharpness": 123.30460645723359
      },
      "flags": {
        "isOverexposed": false,
        "isUnderexposed": false,
        "isBacklit": false,
        "isLowContrast": false,
        "isBlurry": false
      }
    },
    "summary": {
      "refKeypointCount": 3000,
      "keyframeCount": 0,
      "keyframeKeypoints": {
        "min": 0,
        "avg": 0,
        "max": 0
      }
    }
  }
}