{
  "video_key": "The_Mandala_20260711-141737",
  "route_folder": "mandala-the",
  "run_ts": "20260711-155047",
  "written_at": "2026-07-11T15:50:47",
  "type": "orb",
  "data": {
    "setupHash": "73f95d8dff16204a61f089f2ba8d7401e6d624409ab6de2f30ecba64f1a5a90a",
    "appVersion": "0a52b62",
    "referenceFrameMeta": {
      "width": 1280,
      "height": 720,
      "refKeypointCount": 3000,
      "overall": {
        "mean": 153.15189127604165,
        "stdDev": 67.5603062555271,
        "sharpness": 235.80777084068174
      },
      "climber": {
        "mean": 94.18241304098267,
        "stdDev": 27.530010853787818,
        "sharpness": 150.80292592658586
      },
      "wall": {
        "mean": 152.2633663089649,
        "stdDev": 63.86897354605694,
        "sharpness": 309.5113814489432
      },
      "flags": {
        "isOverexposed": false,
        "isUnderexposed": false,
        "isBacklit": false,
        "isLowContrast": false,
        "isBlurry": false
      }
    },
    "summary": {
      "refKeypointCount": 3000,
      "keyframeCount": 0,
      "keyframeKeypoints": {
        "min": 0,
        "avg": 0,
        "max": 0
      }
    }
  }
}