{
  "video_key": "The_Mandala_20260711-141737",
  "route_folder": "mandala-the",
  "run_ts": "20260721-200831",
  "written_at": "2026-07-21T20:08:31",
  "type": "orb",
  "data": {
    "setupHash": "fbb181c0a8683a438702b227e45869b05194889c8ad7ee42d93c837e92b9955c",
    "appVersion": "495795e",
    "referenceFrameMeta": {
      "width": 1280,
      "height": 720,
      "refKeypointCount": 1998,
      "overall": {
        "mean": 153.15189127604165,
        "stdDev": 67.5603062555271,
        "sharpness": 235.80777084068174
      },
      "climber": {
        "mean": 92.28911777877295,
        "stdDev": 26.98937812961919,
        "sharpness": 146.48443426514135
      },
      "wall": {
        "mean": 83.25383207234387,
        "stdDev": 22.11818825941596,
        "sharpness": 78.8067002042153
      },
      "flags": {
        "isOverexposed": false,
        "isUnderexposed": false,
        "isBacklit": false,
        "isLowContrast": false,
        "isBlurry": false
      }
    },
    "summary": {
      "refKeypointCount": 1998,
      "keyframeCount": 0,
      "keyframeKeypoints": {
        "min": 0,
        "avg": 0,
        "max": 0
      }
    }
  }
}