{
  "video_key": "R8m1yJ0c9xw_20260722-190020",
  "route_folder": "slashface",
  "run_ts": "20260723-092920",
  "written_at": "2026-07-23T09:29:20",
  "type": "orb",
  "data": {
    "setupHash": "7d4043cdfe114e5b7de36e55e2eeada87effb8fbc275205d75e14ca3db9c9fe4",
    "appVersion": "f7af59a",
    "referenceFrameMeta": {
      "width": 1280,
      "height": 720,
      "refKeypointCount": 2563,
      "overall": {
        "mean": 135.05343098958335,
        "stdDev": 59.80502608222256,
        "sharpness": 93.04361602251446
      },
      "climber": {
        "mean": 82.94596641838152,
        "stdDev": 28.867266818766847,
        "sharpness": 84.64303726106482
      },
      "wall": {
        "mean": 90.14574956564904,
        "stdDev": 14.775115230843829,
        "sharpness": 69.6111678588786
      },
      "flags": {
        "isOverexposed": false,
        "isUnderexposed": false,
        "isBacklit": false,
        "isLowContrast": false,
        "isBlurry": false
      }
    },
    "summary": {
      "refKeypointCount": 2563,
      "keyframeCount": 0,
      "keyframeKeypoints": {
        "min": 0,
        "avg": 0,
        "max": 0
      }
    }
  }
}