{
  "video_key": "A_Maze_of_Death_V12_FLASH____-_Bishop__CA_20260710-192014",
  "route_folder": "maze-of-death",
  "run_ts": "20260717-231351",
  "written_at": "2026-07-17T23:13:51",
  "type": "orb",
  "data": {
    "setupHash": "8bcf01f32d7b0f709d7abf9f7e4437608ed98bf80bad71bcf7e6fbb9cb67eab6",
    "appVersion": "744813e",
    "referenceFrameMeta": {
      "width": 360,
      "height": 640,
      "refKeypointCount": 2822,
      "overall": {
        "mean": 125.2980859375,
        "stdDev": 63.54810051976139,
        "sharpness": 282.50147277010547
      },
      "climber": {
        "mean": 89.26230474165818,
        "stdDev": 66.15450317768207,
        "sharpness": 141.20158894140147
      },
      "wall": {
        "mean": 165.39110315566163,
        "stdDev": 25.776719763352098,
        "sharpness": 393.2017886533904
      },
      "flags": {
        "isOverexposed": false,
        "isUnderexposed": false,
        "isBacklit": false,
        "isLowContrast": false,
        "isBlurry": false
      }
    },
    "summary": {
      "refKeypointCount": 2822,
      "keyframeCount": 54,
      "keyframeKeypoints": {
        "min": 2302,
        "avg": 2835.685185185185,
        "max": 2920
      }
    }
  }
}