{
  "video_key": "A_Maze_of_Death_V12_FLASH____-_Bishop__CA_20260710-192014",
  "route_folder": "maze-of-death",
  "run_ts": "20260710-193538",
  "written_at": "2026-07-10T19:35:38",
  "type": "orb",
  "data": {
    "setupHash": "83637657273549ef6bf0d939ce8e10872873caa3e788f55f70e534f2ab3a1081",
    "appVersion": "0a52b62",
    "referenceFrameMeta": {
      "width": 360,
      "height": 640,
      "refKeypointCount": 2837,
      "overall": {
        "mean": 125.2980859375,
        "stdDev": 63.54810051976139,
        "sharpness": 282.50147277010547
      },
      "climber": {
        "mean": 89.4592022289099,
        "stdDev": 65.84977984822622,
        "sharpness": 141.1854767201221
      },
      "wall": {
        "mean": 164.02878844832725,
        "stdDev": 27.40697462288482,
        "sharpness": 387.41444865243824
      },
      "flags": {
        "isOverexposed": false,
        "isUnderexposed": false,
        "isBacklit": false,
        "isLowContrast": false,
        "isBlurry": false
      }
    },
    "summary": {
      "refKeypointCount": 2837,
      "keyframeCount": 0,
      "keyframeKeypoints": {
        "min": 0,
        "avg": 0,
        "max": 0
      }
    }
  }
}