{
  "video_key": "Midnight_Lightning_V8_20260711-141126",
  "route_folder": "midnight-lightning",
  "run_ts": "20260719-191948",
  "written_at": "2026-07-19T19:19:48",
  "type": "orb",
  "data": {
    "setupHash": "e19c1ef705ca96596da84481d242d46c08fd269735113590b55861d8a65f3b71",
    "appVersion": "4f0d3f8",
    "referenceFrameMeta": {
      "width": 360,
      "height": 640,
      "refKeypointCount": 2849,
      "overall": {
        "mean": 121.75857204861111,
        "stdDev": 51.829001006741265,
        "sharpness": 436.3282521031506
      },
      "climber": {
        "mean": 127.49875924656726,
        "stdDev": 50.45857447143753,
        "sharpness": 296.24235633773054
      },
      "wall": {
        "mean": 129.63929558318847,
        "stdDev": 50.90488801212139,
        "sharpness": 442.9806511581846
      },
      "flags": {
        "isOverexposed": false,
        "isUnderexposed": false,
        "isBacklit": false,
        "isLowContrast": false,
        "isBlurry": false
      }
    },
    "summary": {
      "refKeypointCount": 2849,
      "keyframeCount": 118,
      "keyframeKeypoints": {
        "min": 2863,
        "avg": 2907.1610169491523,
        "max": 2932
      }
    }
  }
}