{
  "video_key": "Midnight_Lightning_V8_20260711-141126",
  "route_folder": "midnight-lightning",
  "run_ts": "20260717-232751",
  "written_at": "2026-07-17T23:27:51",
  "type": "orb",
  "data": {
    "setupHash": "bb05a7fa07030147d4ab2050a5a648304f12e01b8bad193feaef0b94b7f696fc",
    "appVersion": "744813e",
    "referenceFrameMeta": {
      "width": 360,
      "height": 640,
      "refKeypointCount": 2769,
      "overall": {
        "mean": 121.75857204861111,
        "stdDev": 51.829001006741265,
        "sharpness": 436.3282521031506
      },
      "climber": {
        "mean": 135.78719756760253,
        "stdDev": 44.816713525828966,
        "sharpness": 241.90015068083449
      },
      "wall": {
        "mean": 135.5268128585402,
        "stdDev": 48.33232721476087,
        "sharpness": 458.0882777138613
      },
      "flags": {
        "isOverexposed": false,
        "isUnderexposed": false,
        "isBacklit": false,
        "isLowContrast": false,
        "isBlurry": false
      }
    },
    "summary": {
      "refKeypointCount": 2769,
      "keyframeCount": 118,
      "keyframeKeypoints": {
        "min": 2800,
        "avg": 2846.6949152542375,
        "max": 2907
      }
    }
  }
}