{
  "video_key": "Midnight_Lightning_V8_20260711-141126",
  "route_folder": "midnight-lightning",
  "run_ts": "20260711-171659",
  "written_at": "2026-07-11T17:16:59",
  "type": "orb",
  "data": {
    "setupHash": "4e08d9fc85092d7138c41938832e5a0a16b938449b8b1d52b5f966af62ef3ee6",
    "appVersion": "0a52b62",
    "referenceFrameMeta": {
      "width": 360,
      "height": 640,
      "refKeypointCount": 2839,
      "overall": {
        "mean": 121.75857204861111,
        "stdDev": 51.829001006741265,
        "sharpness": 436.3282521031506
      },
      "climber": {
        "mean": 117.56539440203564,
        "stdDev": 49.395470064973395,
        "sharpness": 273.1986957835906
      },
      "wall": {
        "mean": 133.10496386546836,
        "stdDev": 49.58219136870517,
        "sharpness": 467.8964982065809
      },
      "flags": {
        "isOverexposed": false,
        "isUnderexposed": false,
        "isBacklit": false,
        "isLowContrast": false,
        "isBlurry": false
      }
    },
    "summary": {
      "refKeypointCount": 2839,
      "keyframeCount": 118,
      "keyframeKeypoints": {
        "min": 2866,
        "avg": 2909.576271186441,
        "max": 2943
      }
    }
  }
}