{
  "video_key": "maze_of_death1_20260711-113427",
  "route_folder": "maze-of-death",
  "run_ts": "20260711-114100",
  "written_at": "2026-07-11T11:41:00",
  "type": "orb",
  "data": {
    "setupHash": "b2c1f5339437ea2840801598866aa6abc36887459ffdb78b33e12d7f1ffefb9a",
    "appVersion": "0a52b62",
    "referenceFrameMeta": {
      "width": 640,
      "height": 360,
      "refKeypointCount": 2914,
      "overall": {
        "mean": 134.98062934027777,
        "stdDev": 45.08889640222521,
        "sharpness": 369.70340820847565
      },
      "climber": {
        "mean": 81.93220807969008,
        "stdDev": 40.77945729116174,
        "sharpness": 191.0657677255258
      },
      "wall": {
        "mean": 128.75777212065108,
        "stdDev": 43.20514695647349,
        "sharpness": 361.3421500689401
      },
      "flags": {
        "isOverexposed": false,
        "isUnderexposed": false,
        "isBacklit": false,
        "isLowContrast": false,
        "isBlurry": false
      }
    },
    "summary": {
      "refKeypointCount": 2914,
      "keyframeCount": 0,
      "keyframeKeypoints": {
        "min": 0,
        "avg": 0,
        "max": 0
      }
    }
  }
}