{
  "video_key": "maze_of_death1_20260711-113427",
  "route_folder": "maze-of-death",
  "run_ts": "20260721-201431",
  "written_at": "2026-07-21T20:14:31",
  "type": "orb",
  "data": {
    "setupHash": "82ae7674d2b622c7953db7cae75a97f4796d8f6033a31cc3afb9e564f4fddfa7",
    "appVersion": "495795e",
    "referenceFrameMeta": {
      "width": 640,
      "height": 360,
      "refKeypointCount": 2960,
      "overall": {
        "mean": 134.98062934027777,
        "stdDev": 45.08889640222521,
        "sharpness": 369.70340820847565
      },
      "climber": {
        "mean": 115.35118172565872,
        "stdDev": 42.75124507322889,
        "sharpness": 342.4071314983812
      },
      "wall": {
        "mean": 131.60349658869396,
        "stdDev": 42.964562279632595,
        "sharpness": 370.3233176258
      },
      "flags": {
        "isOverexposed": false,
        "isUnderexposed": false,
        "isBacklit": false,
        "isLowContrast": false,
        "isBlurry": false
      }
    },
    "summary": {
      "refKeypointCount": 2960,
      "keyframeCount": 0,
      "keyframeKeypoints": {
        "min": 0,
        "avg": 0,
        "max": 0
      }
    }
  }
}