{
  "video_key": "maze_of_death1_20260711-113427",
  "route_folder": "maze-of-death",
  "run_ts": "20260717-214722",
  "written_at": "2026-07-17T21:47:22",
  "type": "orb",
  "data": {
    "setupHash": "54c8d23188300b61774e854fbdf8dfcb623e480d44f8adc41154898a8a7c5170",
    "appVersion": "744813e",
    "referenceFrameMeta": {
      "width": 640,
      "height": 360,
      "refKeypointCount": 2846,
      "overall": {
        "mean": 134.98062934027777,
        "stdDev": 45.08889640222521,
        "sharpness": 369.70340820847565
      },
      "climber": {
        "mean": 113.2984534742679,
        "stdDev": 43.457360292713155,
        "sharpness": 304.42796120596546
      },
      "wall": {
        "mean": 124.92917504733697,
        "stdDev": 38.036306018811295,
        "sharpness": 371.8588522577665
      },
      "flags": {
        "isOverexposed": false,
        "isUnderexposed": false,
        "isBacklit": false,
        "isLowContrast": false,
        "isBlurry": false
      }
    },
    "summary": {
      "refKeypointCount": 2846,
      "keyframeCount": 0,
      "keyframeKeypoints": {
        "min": 0,
        "avg": 0,
        "max": 0
      }
    }
  }
}