{
  "video_key": "g8P05nLChjY_20260721-213411",
  "route_folder": "worlds-best-boulder-problem-V4",
  "run_ts": "20260721-222535",
  "written_at": "2026-07-21T22:25:35",
  "type": "orb",
  "data": {
    "setupHash": "4d5279edbc7384da8b65ddc65c048871ca15a41d272f4216a844e821664d1cfa",
    "appVersion": "f7af59a",
    "referenceFrameMeta": {
      "width": 360,
      "height": 640,
      "refKeypointCount": 2604,
      "overall": {
        "mean": 101.97719618055555,
        "stdDev": 38.57184967855066,
        "sharpness": 379.24286499835216
      },
      "climber": {
        "mean": 104.39486810551558,
        "stdDev": 41.15536629775645,
        "sharpness": 236.57430376562476
      },
      "wall": {
        "mean": 105.79240005028916,
        "stdDev": 30.036644601748357,
        "sharpness": 208.43209407954964
      },
      "flags": {
        "isOverexposed": false,
        "isUnderexposed": false,
        "isBacklit": false,
        "isLowContrast": false,
        "isBlurry": false
      }
    },
    "summary": {
      "refKeypointCount": 2604,
      "keyframeCount": 0,
      "keyframeKeypoints": {
        "min": 0,
        "avg": 0,
        "max": 0
      }
    }
  }
}