{
  "video_key": "The_Mandala__v12__Bishop__CA_20260711-141532",
  "route_folder": "mandala-the",
  "run_ts": "20260721-200757",
  "written_at": "2026-07-21T20:07:57",
  "type": "orb",
  "data": {
    "setupHash": "93a0ce14a2d9eb710a39843cbd37296c5336cce6ecd0fc3f418a83aa441e33b0",
    "appVersion": "495795e",
    "referenceFrameMeta": {
      "width": 1280,
      "height": 720,
      "refKeypointCount": 3000,
      "overall": {
        "mean": 106.10392903645834,
        "stdDev": 54.32795179378485,
        "sharpness": 242.03102647251214
      },
      "climber": {
        "mean": 67.90625282779838,
        "stdDev": 30.733654111770527,
        "sharpness": 122.51702394962923
      },
      "wall": {
        "mean": 76.25140698481228,
        "stdDev": 28.976264896683503,
        "sharpness": 195.42939614574428
      },
      "flags": {
        "isOverexposed": false,
        "isUnderexposed": false,
        "isBacklit": false,
        "isLowContrast": false,
        "isBlurry": false
      }
    },
    "summary": {
      "refKeypointCount": 3000,
      "keyframeCount": 74,
      "keyframeKeypoints": {
        "min": 2459,
        "avg": 2958.662162162162,
        "max": 3000
      }
    }
  }
}