{
  "video_key": "The_Mandala__v12__Bishop__CA_20260711-141532",
  "route_folder": "mandala-the",
  "run_ts": "20260711-154143",
  "written_at": "2026-07-11T15:41:43",
  "type": "orb",
  "data": {
    "setupHash": "7b42afca59f8ecea637e755039bc874cb45020b52c4e6003f80bc03efe49cf37",
    "appVersion": "0a52b62",
    "referenceFrameMeta": {
      "width": 1280,
      "height": 720,
      "refKeypointCount": 3000,
      "overall": {
        "mean": 106.10392903645834,
        "stdDev": 54.32795179378485,
        "sharpness": 242.03102647251214
      },
      "climber": {
        "mean": 67.90625282779838,
        "stdDev": 30.733654111770527,
        "sharpness": 122.51702394962923
      },
      "wall": {
        "mean": 101.02642620004873,
        "stdDev": 49.5021186215222,
        "sharpness": 239.99239943114662
      },
      "flags": {
        "isOverexposed": false,
        "isUnderexposed": false,
        "isBacklit": false,
        "isLowContrast": false,
        "isBlurry": false
      }
    },
    "summary": {
      "refKeypointCount": 3000,
      "keyframeCount": 74,
      "keyframeKeypoints": {
        "min": 3000,
        "avg": 3000,
        "max": 3000
      }
    }
  }
}