{
  "video_key": "TtnjrNu98Aw_20260712-231134",
  "route_folder": "worlds-best-boulder-problem-V4",
  "run_ts": "20260713-063527",
  "written_at": "2026-07-13T06:35:27",
  "type": "orb",
  "data": {
    "setupHash": "6812c6c42033a6410c9227d5a452e5beefcb41705b01927d124d3e30a84850b1",
    "appVersion": "8b061ed",
    "referenceFrameMeta": {
      "width": 360,
      "height": 640,
      "refKeypointCount": 2866,
      "overall": {
        "mean": 110.84363715277777,
        "stdDev": 51.82247352708635,
        "sharpness": 361.93283850843545
      },
      "climber": {
        "mean": 102.46066832710669,
        "stdDev": 53.5644730223639,
        "sharpness": 291.1627614162389
      },
      "wall": {
        "mean": 113.64363303232561,
        "stdDev": 49.62769124631094,
        "sharpness": 344.14434547701603
      },
      "flags": {
        "isOverexposed": false,
        "isUnderexposed": false,
        "isBacklit": false,
        "isLowContrast": false,
        "isBlurry": false
      }
    },
    "summary": {
      "refKeypointCount": 2866,
      "keyframeCount": 0,
      "keyframeKeypoints": {
        "min": 0,
        "avg": 0,
        "max": 0
      }
    }
  }
}