{
  "video_key": "jGa4kCQkXaQ_20260711-185530",
  "route_folder": "planet-x",
  "run_ts": "20260717-233321",
  "written_at": "2026-07-17T23:33:21",
  "type": "orb",
  "data": {
    "setupHash": "aa4fa08c23bf46db7ad540fb68e32b3269dca12b36d9e742c9dc71f3bc04117d",
    "appVersion": "744813e",
    "referenceFrameMeta": {
      "width": 1280,
      "height": 720,
      "refKeypointCount": 3000,
      "overall": {
        "mean": 109.97192816840278,
        "stdDev": 41.662704482884585,
        "sharpness": 248.92742866524713
      },
      "climber": {
        "mean": 83.65417389196547,
        "stdDev": 40.57871229248299,
        "sharpness": 295.67969680934397
      },
      "wall": {
        "mean": 95.48493007747847,
        "stdDev": 31.80824812723714,
        "sharpness": 177.49094667517784
      },
      "flags": {
        "isOverexposed": false,
        "isUnderexposed": false,
        "isBacklit": false,
        "isLowContrast": false,
        "isBlurry": false
      }
    },
    "summary": {
      "refKeypointCount": 3000,
      "keyframeCount": 0,
      "keyframeKeypoints": {
        "min": 0,
        "avg": 0,
        "max": 0
      }
    }
  }
}