{
  "video_key": "jGa4kCQkXaQ_20260711-185530",
  "route_folder": "planet-x",
  "run_ts": "20260711-195422",
  "written_at": "2026-07-11T19:54:22",
  "type": "orb",
  "data": {
    "setupHash": "83b2eda26baf83bdb1e45facb67479c24d88157d72cbebf18b70fce058f61c14",
    "appVersion": "0a52b62",
    "referenceFrameMeta": {
      "width": 1280,
      "height": 720,
      "refKeypointCount": 3000,
      "overall": {
        "mean": 109.97192816840278,
        "stdDev": 41.662704482884585,
        "sharpness": 248.92742866524713
      },
      "climber": {
        "mean": 83.65417389196547,
        "stdDev": 40.57871229248299,
        "sharpness": 295.67969680934397
      },
      "wall": {
        "mean": 95.48493007747847,
        "stdDev": 31.80824812723714,
        "sharpness": 177.49094667517784
      },
      "flags": {
        "isOverexposed": false,
        "isUnderexposed": false,
        "isBacklit": false,
        "isLowContrast": false,
        "isBlurry": false
      }
    },
    "summary": {
      "refKeypointCount": 3000,
      "keyframeCount": 0,
      "keyframeKeypoints": {
        "min": 0,
        "avg": 0,
        "max": 0
      }
    }
  }
}