{
  "video_key": "kF6ZqPFIVM0_20260722-060140",
  "route_folder": "gift-the",
  "run_ts": "20260723-092052",
  "written_at": "2026-07-23T09:20:52",
  "type": "orb",
  "data": {
    "setupHash": "ac4209620013c066bbf87e0067b1117d9f4aace8c57cd3d2cfee3c5851899a45",
    "appVersion": "f7af59a",
    "referenceFrameMeta": {
      "width": 360,
      "height": 640,
      "refKeypointCount": 2740,
      "overall": {
        "mean": 123.29280381944444,
        "stdDev": 55.89868287201494,
        "sharpness": 354.7260695407277
      },
      "climber": {
        "mean": 105.71989302967565,
        "stdDev": 45.54384722140089,
        "sharpness": 473.81797838464087
      },
      "wall": {
        "mean": 95.04607974672548,
        "stdDev": 38.39958831199008,
        "sharpness": 399.34799508262944
      },
      "flags": {
        "isOverexposed": false,
        "isUnderexposed": false,
        "isBacklit": false,
        "isLowContrast": false,
        "isBlurry": false
      }
    },
    "summary": {
      "refKeypointCount": 2740,
      "keyframeCount": 0,
      "keyframeKeypoints": {
        "min": 0,
        "avg": 0,
        "max": 0
      }
    }
  }
}