{
  "video_key": "pZSbnfXiKTM_20260711-145213",
  "route_folder": "planet-x",
  "run_ts": "20260711-170737",
  "written_at": "2026-07-11T17:07:37",
  "type": "orb",
  "data": {
    "setupHash": "45cc85e86ecd9039b9ae55e43961ceb2aa0907af7106bea02c1543627cd87b5d",
    "appVersion": "0a52b62",
    "referenceFrameMeta": {
      "width": 360,
      "height": 640,
      "refKeypointCount": 2778,
      "overall": {
        "mean": 131.86001736111112,
        "stdDev": 47.18844863284547,
        "sharpness": 230.73352859291666
      },
      "climber": {
        "mean": 135.95063253898206,
        "stdDev": 48.63826298810394,
        "sharpness": 209.92505759745836
      },
      "wall": {
        "mean": 147.37785291631445,
        "stdDev": 35.78389338455242,
        "sharpness": 202.78064071397054
      },
      "flags": {
        "isOverexposed": false,
        "isUnderexposed": false,
        "isBacklit": false,
        "isLowContrast": false,
        "isBlurry": false
      }
    },
    "summary": {
      "refKeypointCount": 2778,
      "keyframeCount": 85,
      "keyframeKeypoints": {
        "min": 1342,
        "avg": 2525.1882352941175,
        "max": 2834
      }
    }
  }
}