{
  "video_key": "pZSbnfXiKTM_20260711-145213",
  "route_folder": "planet-x",
  "run_ts": "20260717-233546",
  "written_at": "2026-07-17T23:35:46",
  "type": "orb",
  "data": {
    "setupHash": "27af7a15259ab73807a2a060fea121cc045bea3bb87644691837535f2b84db12",
    "appVersion": "744813e",
    "referenceFrameMeta": {
      "width": 360,
      "height": 640,
      "refKeypointCount": 2778,
      "overall": {
        "mean": 131.86001736111112,
        "stdDev": 47.18844863284547,
        "sharpness": 230.73352859291666
      },
      "climber": {
        "mean": 135.95063253898206,
        "stdDev": 48.63826298810394,
        "sharpness": 209.92505759745836
      },
      "wall": {
        "mean": 147.37785291631445,
        "stdDev": 35.78389338455242,
        "sharpness": 202.78064071397054
      },
      "flags": {
        "isOverexposed": false,
        "isUnderexposed": false,
        "isBacklit": false,
        "isLowContrast": false,
        "isBlurry": false
      }
    },
    "summary": {
      "refKeypointCount": 2778,
      "keyframeCount": 85,
      "keyframeKeypoints": {
        "min": 1342,
        "avg": 2525.1882352941175,
        "max": 2834
      }
    }
  }
}