{
  "video_key": "Adam_Ondra_flashes_Midnight_Lightning_20260711-141243",
  "route_folder": "midnight-lightning",
  "run_ts": "20260721-155613",
  "written_at": "2026-07-21T15:56:13",
  "type": "orb",
  "data": {
    "setupHash": "6ab271379c8e6debc5d0271f457c323af6311487c2cff9a8fcd174d9ba920a4c",
    "appVersion": "495795e",
    "referenceFrameMeta": {
      "width": 1280,
      "height": 720,
      "refKeypointCount": 2995,
      "overall": {
        "mean": 124.13668728298612,
        "stdDev": 50.66627544443466,
        "sharpness": 191.35770832723213
      },
      "climber": {
        "mean": 143.17868338557994,
        "stdDev": 27.02987292349794,
        "sharpness": 63.13826042672008
      },
      "wall": {
        "mean": 124.72532543863468,
        "stdDev": 35.14127115850816,
        "sharpness": 92.53399113757769
      },
      "flags": {
        "isOverexposed": false,
        "isUnderexposed": false,
        "isBacklit": false,
        "isLowContrast": false,
        "isBlurry": false
      }
    },
    "summary": {
      "refKeypointCount": 2995,
      "keyframeCount": 0,
      "keyframeKeypoints": {
        "min": 0,
        "avg": 0,
        "max": 0
      }
    }
  }
}