{
  "video_key": "Adam_Ondra_flashes_Midnight_Lightning_20260711-141243",
  "route_folder": "midnight-lightning",
  "run_ts": "20260711-161921",
  "written_at": "2026-07-11T16:19:21",
  "type": "orb",
  "data": {
    "setupHash": "946f46a06df7284ea501e1224ac6710e1721f66f97eef099ef43de9d9278ae9d",
    "appVersion": "0a52b62",
    "referenceFrameMeta": {
      "width": 1280,
      "height": 720,
      "refKeypointCount": 2995,
      "overall": {
        "mean": 124.13668728298612,
        "stdDev": 50.66627544443466,
        "sharpness": 191.35770832723213
      },
      "climber": {
        "mean": 143.17868338557994,
        "stdDev": 27.02987292349794,
        "sharpness": 63.13826042672008
      },
      "wall": {
        "mean": 124.72532543863468,
        "stdDev": 35.14127115850816,
        "sharpness": 92.53399113757769
      },
      "flags": {
        "isOverexposed": false,
        "isUnderexposed": false,
        "isBacklit": false,
        "isLowContrast": false,
        "isBlurry": false
      }
    },
    "summary": {
      "refKeypointCount": 2995,
      "keyframeCount": 0,
      "keyframeKeypoints": {
        "min": 0,
        "avg": 0,
        "max": 0
      }
    }
  }
}