{
  "video_key": "Adam_Ondra_flashes_Midnight_Lightning_20260711-141243",
  "route_folder": "midnight-lightning",
  "run_ts": "20260717-232111",
  "written_at": "2026-07-17T23:21:11",
  "type": "orb",
  "data": {
    "setupHash": "e11638b7b5df384c373cd92e861f4f4f9c87d5539a1a2e0ff8c28c60b4c550d5",
    "appVersion": "744813e",
    "referenceFrameMeta": {
      "width": 1280,
      "height": 720,
      "refKeypointCount": 2995,
      "overall": {
        "mean": 124.13668728298612,
        "stdDev": 50.66627544443466,
        "sharpness": 191.35770832723213
      },
      "climber": {
        "mean": 143.17868338557994,
        "stdDev": 27.02987292349794,
        "sharpness": 63.13826042672008
      },
      "wall": {
        "mean": 124.72532543863468,
        "stdDev": 35.14127115850816,
        "sharpness": 92.53399113757769
      },
      "flags": {
        "isOverexposed": false,
        "isUnderexposed": false,
        "isBacklit": false,
        "isLowContrast": false,
        "isBlurry": false
      }
    },
    "summary": {
      "refKeypointCount": 2995,
      "keyframeCount": 0,
      "keyframeKeypoints": {
        "min": 0,
        "avg": 0,
        "max": 0
      }
    }
  }
}