{
  "video_key": "3BkPS4iZYz8_20260711-143235",
  "route_folder": "lizard-therapy",
  "run_ts": "20260721-200239",
  "written_at": "2026-07-21T20:02:39",
  "type": "orb",
  "data": {
    "setupHash": "f2405526a92dd0779e9e9a07e7de5dafc1586bc211f7b8ec58dc9a60a0ae57db",
    "appVersion": "495795e",
    "referenceFrameMeta": {
      "width": 406,
      "height": 720,
      "refKeypointCount": 2576,
      "overall": {
        "mean": 99.88430829228243,
        "stdDev": 55.70554084772519,
        "sharpness": 38.08078712410497
      },
      "climber": {
        "mean": 57.851660241263524,
        "stdDev": 21.938938166570534,
        "sharpness": 22.231923351686415
      },
      "wall": {
        "mean": 89.19763995904951,
        "stdDev": 24.7022419509313,
        "sharpness": 60.443794301800146
      },
      "flags": {
        "isOverexposed": false,
        "isUnderexposed": false,
        "isBacklit": false,
        "isLowContrast": false,
        "isBlurry": true
      }
    },
    "summary": {
      "refKeypointCount": 2576,
      "keyframeCount": 57,
      "keyframeKeypoints": {
        "min": 2466,
        "avg": 2556.122807017544,
        "max": 2611
      }
    }
  }
}