{
  "video_key": "3BkPS4iZYz8_20260711-143235",
  "route_folder": "lizard-therapy",
  "run_ts": "20260711-152534",
  "written_at": "2026-07-11T15:25:34",
  "type": "orb",
  "data": {
    "setupHash": "f49304d83cc625d4b0dd62bec8c4c9358b67b12263c83f22c6d7876a366ba68b",
    "appVersion": "0a52b62",
    "referenceFrameMeta": {
      "width": 406,
      "height": 720,
      "refKeypointCount": 2638,
      "overall": {
        "mean": 99.88430829228243,
        "stdDev": 55.70554084772519,
        "sharpness": 38.08078712410497
      },
      "climber": {
        "mean": 57.66361420962718,
        "stdDev": 21.817806219596193,
        "sharpness": 22.022767844313417
      },
      "wall": {
        "mean": 90.22816657027182,
        "stdDev": 28.948027156750783,
        "sharpness": 58.672992010859154
      },
      "flags": {
        "isOverexposed": false,
        "isUnderexposed": false,
        "isBacklit": false,
        "isLowContrast": false,
        "isBlurry": true
      }
    },
    "summary": {
      "refKeypointCount": 2638,
      "keyframeCount": 57,
      "keyframeKeypoints": {
        "min": 2538,
        "avg": 2604.8596491228072,
        "max": 2646
      }
    }
  }
}