{
  "video_key": "xUDwq2I79R8_20260711-145057",
  "route_folder": "planet-x",
  "run_ts": "20260711-162902",
  "written_at": "2026-07-11T16:29:02",
  "type": "orb",
  "data": {
    "setupHash": "fab73b42d16aa76feeaf16cef543c3ea8dcf0f1aee24cbe110fbebc3147c7156",
    "appVersion": "0a52b62",
    "referenceFrameMeta": {
      "width": 360,
      "height": 640,
      "refKeypointCount": 2636,
      "overall": {
        "mean": 135.50598090277776,
        "stdDev": 44.548315480447435,
        "sharpness": 102.87098730197611
      },
      "climber": {
        "mean": 110.68087557603687,
        "stdDev": 40.853483887878454,
        "sharpness": 180.268406101859
      },
      "wall": {
        "mean": 121.55207244632012,
        "stdDev": 35.99921112717283,
        "sharpness": 106.41261115113228
      },
      "flags": {
        "isOverexposed": false,
        "isUnderexposed": false,
        "isBacklit": false,
        "isLowContrast": false,
        "isBlurry": false
      }
    },
    "summary": {
      "refKeypointCount": 2636,
      "keyframeCount": 0,
      "keyframeKeypoints": {
        "min": 0,
        "avg": 0,
        "max": 0
      }
    }
  }
}