{
  "video_key": "xUDwq2I79R8_20260711-145057",
  "route_folder": "planet-x",
  "run_ts": "20260721-192434",
  "written_at": "2026-07-21T19:24:34",
  "type": "orb",
  "data": {
    "setupHash": "9d76aee3a3f079525d6263dc0ead5f6901f03612c7d3962ca957428f5b3175c4",
    "appVersion": "495795e",
    "referenceFrameMeta": {
      "width": 360,
      "height": 640,
      "refKeypointCount": 2635,
      "overall": {
        "mean": 135.50598090277776,
        "stdDev": 44.548315480447435,
        "sharpness": 102.87098730197611
      },
      "climber": {
        "mean": 112.41608358322623,
        "stdDev": 37.33438387088216,
        "sharpness": 148.85532795465403
      },
      "wall": {
        "mean": 121.55207244632012,
        "stdDev": 35.99921112717283,
        "sharpness": 106.41261115113228
      },
      "flags": {
        "isOverexposed": false,
        "isUnderexposed": false,
        "isBacklit": false,
        "isLowContrast": false,
        "isBlurry": false
      }
    },
    "summary": {
      "refKeypointCount": 2635,
      "keyframeCount": 0,
      "keyframeKeypoints": {
        "min": 0,
        "avg": 0,
        "max": 0
      }
    }
  }
}