{
  "video_key": "k_bu2AOM8SY_20260722-061305",
  "route_folder": "yin-yang",
  "run_ts": "20260723-115902",
  "written_at": "2026-07-23T11:59:02",
  "type": "orb",
  "data": {
    "setupHash": "a786ae9d11210beffe35a70a4dc2f622a1c20d9d4d729968b49459847cf78c8b",
    "appVersion": "f7af59a",
    "referenceFrameMeta": {
      "width": 360,
      "height": 640,
      "refKeypointCount": 2786,
      "overall": {
        "mean": 129.83023003472223,
        "stdDev": 53.20655074212351,
        "sharpness": 426.9509986489175
      },
      "climber": {
        "mean": 107.12043334049204,
        "stdDev": 65.24932809924981,
        "sharpness": 677.6925336338027
      },
      "wall": {
        "mean": 133.3496307275238,
        "stdDev": 48.019360845750036,
        "sharpness": 312.29215888550965
      },
      "flags": {
        "isOverexposed": false,
        "isUnderexposed": false,
        "isBacklit": false,
        "isLowContrast": false,
        "isBlurry": false
      }
    },
    "summary": {
      "refKeypointCount": 2786,
      "keyframeCount": 0,
      "keyframeKeypoints": {
        "min": 0,
        "avg": 0,
        "max": 0
      }
    }
  }
}