{
  "video_key": "hSHSLvyjXRM_20260722-185511",
  "route_folder": "burden-of-dreams",
  "run_ts": "20260723-091721",
  "written_at": "2026-07-23T09:17:21",
  "type": "orb",
  "data": {
    "setupHash": "1d5b9680f9887c6ae4b782eaa2da81f447d2731fa6230fe8896cf099d71d01da",
    "appVersion": "f7af59a",
    "referenceFrameMeta": {
      "width": 360,
      "height": 640,
      "refKeypointCount": 2569,
      "overall": {
        "mean": 96.21782986111111,
        "stdDev": 44.527214756495304,
        "sharpness": 207.8024214623729
      },
      "climber": {
        "mean": 72.95289253213924,
        "stdDev": 30.34786760769379,
        "sharpness": 151.79206405804143
      },
      "wall": {
        "mean": 96.79662392923127,
        "stdDev": 29.791534506168937,
        "sharpness": 174.8046412849435
      },
      "flags": {
        "isOverexposed": false,
        "isUnderexposed": false,
        "isBacklit": false,
        "isLowContrast": false,
        "isBlurry": false
      }
    },
    "summary": {
      "refKeypointCount": 2569,
      "keyframeCount": 33,
      "keyframeKeypoints": {
        "min": 2474,
        "avg": 2545.3030303030305,
        "max": 2605
      }
    }
  }
}