{
  "video_key": "Midnight_Lightning_V8__Yosemite_bouldering__boul_20260711-132735",
  "route_folder": "midnight-lightning",
  "run_ts": "20260711-171825",
  "written_at": "2026-07-11T17:18:25",
  "type": "orb",
  "data": {
    "setupHash": "0dc4643803d7e7f9d497b9211e27dd64446c93568f3db3437c60f79f1a440ad2",
    "appVersion": "0a52b62",
    "referenceFrameMeta": {
      "width": 360,
      "height": 640,
      "refKeypointCount": 2834,
      "overall": {
        "mean": 122.77802517361111,
        "stdDev": 45.50057980692915,
        "sharpness": 183.37167757340285
      },
      "climber": {
        "mean": 134.40432098765433,
        "stdDev": 43.343980931626476,
        "sharpness": 150.23831178312867
      },
      "wall": {
        "mean": 124.12232682954814,
        "stdDev": 41.36102948989082,
        "sharpness": 180.8461690415461
      },
      "flags": {
        "isOverexposed": false,
        "isUnderexposed": false,
        "isBacklit": false,
        "isLowContrast": false,
        "isBlurry": false
      }
    },
    "summary": {
      "refKeypointCount": 2834,
      "keyframeCount": 0,
      "keyframeKeypoints": {
        "min": 0,
        "avg": 0,
        "max": 0
      }
    }
  }
}