{
  "video_key": "Midnight_Lightning_V8__Yosemite_bouldering__boul_20260711-132735",
  "route_folder": "midnight-lightning",
  "run_ts": "20260717-232544",
  "written_at": "2026-07-17T23:25:44",
  "type": "orb",
  "data": {
    "setupHash": "0e466a4d4875e0dea1e7f75545d9d06e0b72d597ce71e470f2a7d4a0691f815a",
    "appVersion": "744813e",
    "referenceFrameMeta": {
      "width": 360,
      "height": 640,
      "refKeypointCount": 2834,
      "overall": {
        "mean": 122.77802517361111,
        "stdDev": 45.50057980692915,
        "sharpness": 183.37167757340285
      },
      "climber": {
        "mean": 134.40432098765433,
        "stdDev": 43.343980931626476,
        "sharpness": 150.23831178312867
      },
      "wall": {
        "mean": 124.12232682954814,
        "stdDev": 41.36102948989082,
        "sharpness": 180.8461690415461
      },
      "flags": {
        "isOverexposed": false,
        "isUnderexposed": false,
        "isBacklit": false,
        "isLowContrast": false,
        "isBlurry": false
      }
    },
    "summary": {
      "refKeypointCount": 2834,
      "keyframeCount": 0,
      "keyframeKeypoints": {
        "min": 0,
        "avg": 0,
        "max": 0
      }
    }
  }
}