{
  "video_key": "R0Z6c1zlic0_20260711-145518",
  "route_folder": "planet-x",
  "run_ts": "20260719-223123",
  "written_at": "2026-07-19T22:31:23",
  "type": "orb",
  "data": {
    "setupHash": "eacd5b782e5b7b08c2737ab25260890043ca2dd073294d43630692d9334180e2",
    "appVersion": "4f0d3f8",
    "referenceFrameMeta": {
      "width": 1280,
      "height": 720,
      "refKeypointCount": 2896,
      "overall": {
        "mean": 119.29994032118056,
        "stdDev": 55.00067080553599,
        "sharpness": 349.21479032931535
      },
      "climber": {
        "mean": 76.90752012072434,
        "stdDev": 21.882623679570706,
        "sharpness": 118.8142280215525
      },
      "wall": {
        "mean": 76.60023656898656,
        "stdDev": 23.860613998571587,
        "sharpness": 131.95523451321785
      },
      "flags": {
        "isOverexposed": false,
        "isUnderexposed": false,
        "isBacklit": false,
        "isLowContrast": false,
        "isBlurry": false
      }
    },
    "summary": {
      "refKeypointCount": 2896,
      "keyframeCount": 0,
      "keyframeKeypoints": {
        "min": 0,
        "avg": 0,
        "max": 0
      }
    }
  }
}