{
  "video_key": "R0Z6c1zlic0_20260711-145518",
  "route_folder": "planet-x",
  "run_ts": "20260711-170231",
  "written_at": "2026-07-11T17:02:31",
  "type": "orb",
  "data": {
    "setupHash": "f5f60da31163cb388593a67bb83e7023210a631a742ad8631c706d7cc0eeeb25",
    "appVersion": "0a52b62",
    "referenceFrameMeta": {
      "width": 1280,
      "height": 720,
      "refKeypointCount": 2955,
      "overall": {
        "mean": 119.29994032118056,
        "stdDev": 55.00067080553599,
        "sharpness": 349.21479032931535
      },
      "climber": {
        "mean": 76.84041069467936,
        "stdDev": 42.10767136373925,
        "sharpness": 237.70182806884804
      },
      "wall": {
        "mean": 76.7618628051895,
        "stdDev": 25.49599825735687,
        "sharpness": 140.31981505010117
      },
      "flags": {
        "isOverexposed": false,
        "isUnderexposed": false,
        "isBacklit": false,
        "isLowContrast": false,
        "isBlurry": false
      }
    },
    "summary": {
      "refKeypointCount": 2955,
      "keyframeCount": 0,
      "keyframeKeypoints": {
        "min": 0,
        "avg": 0,
        "max": 0
      }
    }
  }
}