{
  "video_key": "R0Z6c1zlic0_20260711-145518",
  "route_folder": "planet-x",
  "run_ts": "20260719-205259",
  "written_at": "2026-07-19T20:52:59",
  "type": "orb",
  "data": {
    "setupHash": "50b06681ef1456bf2451617abc53fc0242961785a373ce92749ffb535cb43650",
    "appVersion": "4f0d3f8",
    "referenceFrameMeta": {
      "width": 1280,
      "height": 720,
      "refKeypointCount": 2861,
      "overall": {
        "mean": 119.29994032118056,
        "stdDev": 55.00067080553599,
        "sharpness": 349.21479032931535
      },
      "climber": {
        "mean": 96.24989986648865,
        "stdDev": 31.619713392492237,
        "sharpness": 194.59524100224374
      },
      "wall": {
        "mean": 82.1848140194597,
        "stdDev": 24.57688624193655,
        "sharpness": 141.501951563876
      },
      "flags": {
        "isOverexposed": false,
        "isUnderexposed": false,
        "isBacklit": false,
        "isLowContrast": false,
        "isBlurry": false
      }
    },
    "summary": {
      "refKeypointCount": 2861,
      "keyframeCount": 0,
      "keyframeKeypoints": {
        "min": 0,
        "avg": 0,
        "max": 0
      }
    }
  }
}