{
  "video_key": "wskVHYZibB4_20260721-213506",
  "route_folder": "worlds-best-boulder-problem-V4",
  "run_ts": "20260721-222403",
  "written_at": "2026-07-21T22:24:03",
  "type": "orb",
  "data": {
    "setupHash": "86d25448976621db546ac9a5029c617b1ea421c91d9b0bcb88ef7197aef5427a",
    "appVersion": "f7af59a",
    "referenceFrameMeta": {
      "width": 1280,
      "height": 720,
      "refKeypointCount": 2990,
      "overall": {
        "mean": 101.20461371527777,
        "stdDev": 40.89306833366028,
        "sharpness": 298.22418892648784
      },
      "climber": {
        "mean": 101.94047484773292,
        "stdDev": 43.43555551790732,
        "sharpness": 327.8109030724681
      },
      "wall": {
        "mean": 100.24511494252873,
        "stdDev": 37.66258056042336,
        "sharpness": 297.97047482692875
      },
      "flags": {
        "isOverexposed": false,
        "isUnderexposed": false,
        "isBacklit": false,
        "isLowContrast": false,
        "isBlurry": false
      }
    },
    "summary": {
      "refKeypointCount": 2990,
      "keyframeCount": 0,
      "keyframeKeypoints": {
        "min": 0,
        "avg": 0,
        "max": 0
      }
    }
  }
}