{
  "video_key": "PZCZy8AbJ-M_20260721-213237",
  "route_folder": "worlds-best-boulder-problem-V4",
  "run_ts": "20260721-223317",
  "written_at": "2026-07-21T22:33:17",
  "type": "orb",
  "data": {
    "setupHash": "6064d84db6e5265b64886795052be307c3dc25097ac8dcc4fb813bbc11bb160d",
    "appVersion": "f7af59a",
    "referenceFrameMeta": {
      "width": 360,
      "height": 640,
      "refKeypointCount": 2366,
      "overall": {
        "mean": 125.40270833333334,
        "stdDev": 40.21108578176249,
        "sharpness": 205.18735571271824
      },
      "climber": {
        "mean": 113.30930391123783,
        "stdDev": 40.540497366238284,
        "sharpness": 186.4838647760862
      },
      "wall": {
        "mean": 118.91775787784067,
        "stdDev": 32.24089786671075,
        "sharpness": 198.2480159329898
      },
      "flags": {
        "isOverexposed": false,
        "isUnderexposed": false,
        "isBacklit": false,
        "isLowContrast": false,
        "isBlurry": false
      }
    },
    "summary": {
      "refKeypointCount": 2366,
      "keyframeCount": 0,
      "keyframeKeypoints": {
        "min": 0,
        "avg": 0,
        "max": 0
      }
    }
  }
}