{
  "video_key": "S1DuKwn4AyY_20260721-224313",
  "route_folder": "rug-rat",
  "run_ts": "20260723-111518",
  "written_at": "2026-07-23T11:15:18",
  "type": "orb",
  "data": {
    "setupHash": "98551c12f9a33d089b4f89164954e503d751b4386a2d37b03cf0c2b66894ef8f",
    "appVersion": "f7af59a",
    "referenceFrameMeta": {
      "width": 406,
      "height": 720,
      "refKeypointCount": 1250,
      "overall": {
        "mean": 116.20064997263273,
        "stdDev": 54.39775969504868,
        "sharpness": 397.1059875657538
      },
      "climber": {
        "mean": 117.02481895084655,
        "stdDev": 59.06940846563966,
        "sharpness": 270.63355440291883
      },
      "wall": {
        "mean": 128.19892131979697,
        "stdDev": 34.90792686704256,
        "sharpness": 95.3741814286168
      },
      "flags": {
        "isOverexposed": false,
        "isUnderexposed": false,
        "isBacklit": false,
        "isLowContrast": false,
        "isBlurry": false
      }
    },
    "summary": {
      "refKeypointCount": 1250,
      "keyframeCount": 0,
      "keyframeKeypoints": {
        "min": 0,
        "avg": 0,
        "max": 0
      }
    }
  }
}