{
  "video_key": "HUzummOLcfo_20260722-185827",
  "route_folder": "slashface",
  "run_ts": "20260723-092527",
  "written_at": "2026-07-23T09:25:27",
  "type": "orb",
  "data": {
    "setupHash": "49fac6f75ace7feaf80b993306ed5d180f25a870577ce8b094fafda4341f7c0a",
    "appVersion": "f7af59a",
    "referenceFrameMeta": {
      "width": 1280,
      "height": 720,
      "refKeypointCount": 2896,
      "overall": {
        "mean": 133.74861002604166,
        "stdDev": 54.416626614323775,
        "sharpness": 98.08696167631933
      },
      "climber": {
        "mean": 83.09473775315908,
        "stdDev": 31.727139780550853,
        "sharpness": 58.16267072702794
      },
      "wall": {
        "mean": 107.76310314685314,
        "stdDev": 16.033899528086568,
        "sharpness": 40.99794491295688
      },
      "flags": {
        "isOverexposed": false,
        "isUnderexposed": false,
        "isBacklit": false,
        "isLowContrast": false,
        "isBlurry": false
      }
    },
    "summary": {
      "refKeypointCount": 2896,
      "keyframeCount": 0,
      "keyframeKeypoints": {
        "min": 0,
        "avg": 0,
        "max": 0
      }
    }
  }
}