{
  "video_key": "6Rubzj2Y7Wc_20260711-185424",
  "route_folder": "planet-x",
  "run_ts": "20260721-202356",
  "written_at": "2026-07-21T20:23:56",
  "type": "orb",
  "data": {
    "setupHash": "641492202d8bc26d277fee049ab9575706053ab469f98e353adeafa44d4988cf",
    "appVersion": "495795e",
    "referenceFrameMeta": {
      "width": 360,
      "height": 640,
      "refKeypointCount": 2873,
      "overall": {
        "mean": 133.60697916666666,
        "stdDev": 28.59947227027899,
        "sharpness": 209.7368790461005
      },
      "climber": {
        "mean": 117.47785831890008,
        "stdDev": 34.943633402824084,
        "sharpness": 314.61614755624214
      },
      "wall": {
        "mean": 133.60697916666666,
        "stdDev": 28.59947227027899,
        "sharpness": 209.7368790461005
      },
      "flags": {
        "isOverexposed": false,
        "isUnderexposed": false,
        "isBacklit": false,
        "isLowContrast": true,
        "isBlurry": false
      }
    },
    "summary": {
      "refKeypointCount": 2873,
      "keyframeCount": 0,
      "keyframeKeypoints": {
        "min": 0,
        "avg": 0,
        "max": 0
      }
    }
  }
}