{
  "video_key": "gwqdjiiPzHQ_20260713-172228",
  "route_folder": "maze-of-death",
  "run_ts": "20260717-231642",
  "written_at": "2026-07-17T23:16:42",
  "type": "orb",
  "data": {
    "setupHash": "4bb1ff79e68da16c1ad914a54f603e058927785d3dfda71a7b154404c2332383",
    "appVersion": "744813e",
    "referenceFrameMeta": {
      "width": 360,
      "height": 640,
      "refKeypointCount": 2715,
      "overall": {
        "mean": 121.86069444444445,
        "stdDev": 51.2525963455183,
        "sharpness": 524.5389448481656
      },
      "climber": {
        "mean": 76.73918647213488,
        "stdDev": 49.75494961100404,
        "sharpness": 269.49802109994204
      },
      "wall": {
        "mean": 128.88199946511548,
        "stdDev": 39.950341813795326,
        "sharpness": 592.8188153592364
      },
      "flags": {
        "isOverexposed": false,
        "isUnderexposed": false,
        "isBacklit": false,
        "isLowContrast": false,
        "isBlurry": false
      }
    },
    "summary": {
      "refKeypointCount": 2715,
      "keyframeCount": 44,
      "keyframeKeypoints": {
        "min": 2657,
        "avg": 2719.75,
        "max": 2760
      }
    }
  }
}