{
  "video_key": "ABCSO9BtBus_20260721-213541",
  "route_folder": "worlds-best-boulder-problem-V4",
  "run_ts": "20260721-222159",
  "written_at": "2026-07-21T22:21:59",
  "type": "orb",
  "data": {
    "setupHash": "c4434b26a1c1a74fb3b3605141fcc2e78a12fca2a7311f46c558fd0a8c7ba963",
    "appVersion": "f7af59a",
    "referenceFrameMeta": {
      "width": 360,
      "height": 640,
      "refKeypointCount": 2072,
      "overall": {
        "mean": 113.02822048611111,
        "stdDev": 60.75843778959383,
        "sharpness": 520.4052051721428
      },
      "climber": {
        "mean": 103.50560317709972,
        "stdDev": 63.70897769795453,
        "sharpness": 489.1326068920079
      },
      "wall": {
        "mean": 119.07895807895808,
        "stdDev": 51.70798121378742,
        "sharpness": 429.77911605852756
      },
      "flags": {
        "isOverexposed": false,
        "isUnderexposed": false,
        "isBacklit": false,
        "isLowContrast": false,
        "isBlurry": false
      }
    },
    "summary": {
      "refKeypointCount": 2072,
      "keyframeCount": 0,
      "keyframeKeypoints": {
        "min": 0,
        "avg": 0,
        "max": 0
      }
    }
  }
}