{
  "video_key": "lM3HeW74YTE_20260721-224404",
  "route_folder": "rug-rat",
  "run_ts": "20260723-111500",
  "written_at": "2026-07-23T11:15:00",
  "type": "orb",
  "data": {
    "setupHash": "c933939f0c68437fa2705dbee48b37a49c6015312873bd7cea369338a7dc63a2",
    "appVersion": "f7af59a",
    "referenceFrameMeta": {
      "width": 406,
      "height": 720,
      "refKeypointCount": 1903,
      "overall": {
        "mean": 128.80216543513959,
        "stdDev": 52.96878424735768,
        "sharpness": 195.00716856309376
      },
      "climber": {
        "mean": 127.69763832658569,
        "stdDev": 57.51474030235495,
        "sharpness": 174.37503819564154
      },
      "wall": {
        "mean": 147.73507909497698,
        "stdDev": 37.786325365577,
        "sharpness": 130.17446171585834
      },
      "flags": {
        "isOverexposed": false,
        "isUnderexposed": false,
        "isBacklit": false,
        "isLowContrast": false,
        "isBlurry": false
      }
    },
    "summary": {
      "refKeypointCount": 1903,
      "keyframeCount": 101,
      "keyframeKeypoints": {
        "min": 1645,
        "avg": 1923.4257425742574,
        "max": 2244
      }
    }
  }
}