{
  "video_key": "eYPR7JTRRMk_20260711-144114",
  "route_folder": "get-carter",
  "run_ts": "20260717-230114",
  "written_at": "2026-07-17T23:01:14",
  "type": "orb",
  "data": {
    "setupHash": "e952f8f03cfe2aaed4f1617f079c26fa9293af647ed49bc4c6a255e93999f1a8",
    "appVersion": "744813e",
    "referenceFrameMeta": {
      "width": 1280,
      "height": 720,
      "refKeypointCount": 3000,
      "overall": {
        "mean": 143.8351193576389,
        "stdDev": 50.66693712371781,
        "sharpness": 224.35925305680215
      },
      "climber": {
        "mean": 82.3594911292256,
        "stdDev": 27.81250599668023,
        "sharpness": 53.80657839092601
      },
      "wall": {
        "mean": 137.81217998116279,
        "stdDev": 44.435355788240756,
        "sharpness": 243.63760286332948
      },
      "flags": {
        "isOverexposed": false,
        "isUnderexposed": false,
        "isBacklit": false,
        "isLowContrast": false,
        "isBlurry": false
      }
    },
    "summary": {
      "refKeypointCount": 3000,
      "keyframeCount": 0,
      "keyframeKeypoints": {
        "min": 0,
        "avg": 0,
        "max": 0
      }
    }
  }
}