{
  "video_key": "eYPR7JTRRMk_20260711-144114",
  "route_folder": "get-carter",
  "run_ts": "20260711-145840",
  "written_at": "2026-07-11T14:58:40",
  "type": "orb",
  "data": {
    "setupHash": "474885fec451bbca649ad45723ede66988843122d39e953e8402bcab3b62f1c3",
    "appVersion": "0a52b62",
    "referenceFrameMeta": {
      "width": 1280,
      "height": 720,
      "refKeypointCount": 3000,
      "overall": {
        "mean": 143.8351193576389,
        "stdDev": 50.66693712371781,
        "sharpness": 224.35925305680215
      },
      "climber": {
        "mean": 82.3594911292256,
        "stdDev": 27.81250599668023,
        "sharpness": 53.80657839092601
      },
      "wall": {
        "mean": 135.03959763553686,
        "stdDev": 46.597948937274786,
        "sharpness": 224.8863555448679
      },
      "flags": {
        "isOverexposed": false,
        "isUnderexposed": false,
        "isBacklit": false,
        "isLowContrast": false,
        "isBlurry": false
      }
    },
    "summary": {
      "refKeypointCount": 3000,
      "keyframeCount": 0,
      "keyframeKeypoints": {
        "min": 0,
        "avg": 0,
        "max": 0
      }
    }
  }
}