{
  "video_key": "eYPR7JTRRMk_20260711-144114",
  "route_folder": "get-carter",
  "run_ts": "20260718-142823",
  "written_at": "2026-07-18T14:28:23",
  "type": "orb",
  "data": {
    "setupHash": "f182525e21bc363ec0cfdc43ac4b2f31e2e592b565b9a33d1c256fa2c03e8736",
    "appVersion": "f8613fc",
    "referenceFrameMeta": {
      "width": 1280,
      "height": 720,
      "refKeypointCount": 3000,
      "overall": {
        "mean": 143.8351193576389,
        "stdDev": 50.66693712371781,
        "sharpness": 224.35925305680215
      },
      "climber": {
        "mean": 82.3594911292256,
        "stdDev": 27.81250599668023,
        "sharpness": 53.80657839092601
      },
      "wall": {
        "mean": 137.81217998116279,
        "stdDev": 44.435355788240756,
        "sharpness": 243.63760286332948
      },
      "flags": {
        "isOverexposed": false,
        "isUnderexposed": false,
        "isBacklit": false,
        "isLowContrast": false,
        "isBlurry": false
      }
    },
    "summary": {
      "refKeypointCount": 3000,
      "keyframeCount": 0,
      "keyframeKeypoints": {
        "min": 0,
        "avg": 0,
        "max": 0
      }
    }
  }
}