{
  "counts": {
    "matchedFrames": 126,
    "scannerMissingFrames": 364,
    "torsoUndefinedFrames": 0,
    "truthFramesAbsent": 6,
    "truthFramesTotal": 496
  },
  "joinToleranceSec": 0.05000000000000071,
  "jointSet": [
    "nose",
    "left_shoulder",
    "right_shoulder",
    "left_elbow",
    "right_elbow",
    "left_wrist",
    "right_wrist",
    "left_hip",
    "right_hip",
    "left_knee",
    "right_knee",
    "left_ankle",
    "right_ankle"
  ],
  "metric": "PCK@0.5-torso",
  "perJoint": {
    "left_ankle": {
      "correct": 107,
      "pck": 0.8842975206611571,
      "total": 121
    },
    "left_elbow": {
      "correct": 61,
      "pck": 0.5545454545454546,
      "total": 110
    },
    "left_hip": {
      "correct": 115,
      "pck": 0.9126984126984127,
      "total": 126
    },
    "left_knee": {
      "correct": 108,
      "pck": 0.8709677419354839,
      "total": 124
    },
    "left_shoulder": {
      "correct": 118,
      "pck": 0.9365079365079365,
      "total": 126
    },
    "left_wrist": {
      "correct": 59,
      "pck": 0.6704545454545454,
      "total": 88
    },
    "nose": {
      "correct": 99,
      "pck": 0.9801980198019802,
      "total": 101
    },
    "right_ankle": {
      "correct": 102,
      "pck": 0.8947368421052632,
      "total": 114
    },
    "right_elbow": {
      "correct": 73,
      "pck": 0.6517857142857143,
      "total": 112
    },
    "right_hip": {
      "correct": 115,
      "pck": 0.9126984126984127,
      "total": 126
    },
    "right_knee": {
      "correct": 105,
      "pck": 0.84,
      "total": 125
    },
    "right_shoulder": {
      "correct": 122,
      "pck": 0.9682539682539683,
      "total": 126
    },
    "right_wrist": {
      "correct": 48,
      "pck": 0.64,
      "total": 75
    }
  },
  "routeFolder": "midnight-lightning",
  "runTs": "20260717-232544",
  "scannerFrameIntervalSec": 0.10000000000000142,
  "schemaVersion": 1,
  "setupHash": "0e466a4d4875e0dea1e7f75545d9d06e0b72d597ce71e470f2a7d4a0691f815a",
  "truthHash": "b5d2227c5fcb1e3ef8c5b6ec0c0451bf55ec4155c557e0f3e219d8642f6bc88a",
  "truthSetupHashSource": "truth",
  "truthSource": "ground-truth",
  "videoKey": "Midnight_Lightning_V8__Yosemite_bouldering__boul_20260711-132735"
}
