{
  "video_key": "6_dNwUSqEZY_20260712-194206",
  "route_folder": "worlds-best-boulder-problem-V4",
  "run_ts": "20260717-233637",
  "written_at": "2026-07-17T23:36:37",
  "type": "orb",
  "data": {
    "setupHash": "0a798e27e94d8243afbe23327c6a097fc2b33d7cef099f0ea9b506505d0226a8",
    "appVersion": "744813e",
    "referenceFrameMeta": {
      "width": 360,
      "height": 640,
      "refKeypointCount": 2084,
      "overall": {
        "mean": 98.72135850694444,
        "stdDev": 47.13096772258087,
        "sharpness": 205.73870489358708
      },
      "climber": {
        "mean": 82.41724648615418,
        "stdDev": 28.262910716209394,
        "sharpness": 172.313789374648
      },
      "wall": {
        "mean": 87.1601404124616,
        "stdDev": 25.235787037724215,
        "sharpness": 186.55057434496482
      },
      "flags": {
        "isOverexposed": false,
        "isUnderexposed": false,
        "isBacklit": false,
        "isLowContrast": false,
        "isBlurry": false
      }
    },
    "summary": {
      "refKeypointCount": 2084,
      "keyframeCount": 0,
      "keyframeKeypoints": {
        "min": 0,
        "avg": 0,
        "max": 0
      }
    }
  }
}