{
  "video_key": "6_dNwUSqEZY_20260712-194206",
  "route_folder": "worlds-best-boulder-problem-V4",
  "run_ts": "20260712-194307",
  "written_at": "2026-07-12T19:43:07",
  "type": "orb",
  "data": {
    "setupHash": "f94ddec8617403e7df891d15d1bdcd89239f0a8dbf9068d9a1aa49bacac175bb",
    "appVersion": "8b061ed",
    "referenceFrameMeta": {
      "width": 360,
      "height": 640,
      "refKeypointCount": 2828,
      "overall": {
        "mean": 98.72135850694444,
        "stdDev": 47.13096772258087,
        "sharpness": 205.73870489358708
      },
      "climber": {
        "mean": 82.41724648615418,
        "stdDev": 28.262910716209394,
        "sharpness": 172.313789374648
      },
      "wall": {
        "mean": 97.71733451312518,
        "stdDev": 43.99985994190855,
        "sharpness": 187.141054062522
      },
      "flags": {
        "isOverexposed": false,
        "isUnderexposed": false,
        "isBacklit": false,
        "isLowContrast": false,
        "isBlurry": false
      }
    },
    "summary": {
      "refKeypointCount": 2828,
      "keyframeCount": 0,
      "keyframeKeypoints": {
        "min": 0,
        "avg": 0,
        "max": 0
      }
    }
  }
}