{
  "video_key": "CIBoFkcRh2E_20260713-172319",
  "route_folder": "maze-of-death",
  "run_ts": "20260721-201136",
  "written_at": "2026-07-21T20:11:36",
  "type": "orb",
  "data": {
    "setupHash": "594012bda87dac62d3dd23380bd83b6499dabf385d1503382af559187c981f90",
    "appVersion": "495795e",
    "referenceFrameMeta": {
      "width": 406,
      "height": 720,
      "refKeypointCount": 2857,
      "overall": {
        "mean": 136.39941502463054,
        "stdDev": 33.946981087756924,
        "sharpness": 269.354901935907
      },
      "climber": {
        "mean": 116.7469709777402,
        "stdDev": 35.04320193237413,
        "sharpness": 203.54132871097133
      },
      "wall": {
        "mean": 140.8349504276092,
        "stdDev": 29.58755312242601,
        "sharpness": 382.1850698000889
      },
      "flags": {
        "isOverexposed": false,
        "isUnderexposed": false,
        "isBacklit": false,
        "isLowContrast": false,
        "isBlurry": false
      }
    },
    "summary": {
      "refKeypointCount": 2857,
      "keyframeCount": 65,
      "keyframeKeypoints": {
        "min": 2800,
        "avg": 2855.476923076923,
        "max": 2886
      }
    }
  }
}