{
  "video_key": "Bishop_Bouldering__The_Mandala__V12__20260711-141930",
  "route_folder": "mandala-the",
  "run_ts": "20260717-230917",
  "written_at": "2026-07-17T23:09:17",
  "type": "orb",
  "data": {
    "setupHash": "66f12c7747723f0696ca9317525a8f21d81f92aba3ca88d1b0fda5c494557101",
    "appVersion": "744813e",
    "referenceFrameMeta": {
      "width": 1280,
      "height": 720,
      "refKeypointCount": 2822,
      "overall": {
        "mean": 136.98223849826388,
        "stdDev": 65.9897825919609,
        "sharpness": 267.4776670795545
      },
      "climber": {
        "mean": 113.51379600420611,
        "stdDev": 52.30381569918634,
        "sharpness": 165.36294624220682
      },
      "wall": {
        "mean": 81.0250602931173,
        "stdDev": 39.51937072580502,
        "sharpness": 168.25289553052792
      },
      "flags": {
        "isOverexposed": false,
        "isUnderexposed": false,
        "isBacklit": false,
        "isLowContrast": false,
        "isBlurry": false
      }
    },
    "summary": {
      "refKeypointCount": 2822,
      "keyframeCount": 0,
      "keyframeKeypoints": {
        "min": 0,
        "avg": 0,
        "max": 0
      }
    }
  }
}