{
  "video_key": "Bishop_Bouldering__The_Mandala__V12__20260711-141930",
  "route_folder": "mandala-the",
  "run_ts": "20260711-152949",
  "written_at": "2026-07-11T15:29:49",
  "type": "orb",
  "data": {
    "setupHash": "d738700bb3d656631b1517b69ec0c4b66a96eaaa090877f2016dda897d1636ce",
    "appVersion": "0a52b62",
    "referenceFrameMeta": {
      "width": 1280,
      "height": 720,
      "refKeypointCount": 2691,
      "overall": {
        "mean": 136.98223849826388,
        "stdDev": 65.9897825919609,
        "sharpness": 267.4776670795545
      },
      "climber": {
        "mean": 113.91970085470085,
        "stdDev": 52.52357676462855,
        "sharpness": 164.47342260026377
      },
      "wall": {
        "mean": 85.76097626874409,
        "stdDev": 40.3537528210103,
        "sharpness": 167.38514236586707
      },
      "flags": {
        "isOverexposed": false,
        "isUnderexposed": false,
        "isBacklit": false,
        "isLowContrast": false,
        "isBlurry": false
      }
    },
    "summary": {
      "refKeypointCount": 2691,
      "keyframeCount": 0,
      "keyframeKeypoints": {
        "min": 0,
        "avg": 0,
        "max": 0
      }
    }
  }
}