{
  "video_key": "s0Od4NLVAzA_20260721-213318",
  "route_folder": "worlds-best-boulder-problem-V4",
  "run_ts": "20260721-222556",
  "written_at": "2026-07-21T22:25:56",
  "type": "orb",
  "data": {
    "setupHash": "06c77f87d46ecfec5124252c8b029dc992cab5b28bc4842380f1156ad4a462b4",
    "appVersion": "f7af59a",
    "referenceFrameMeta": {
      "width": 360,
      "height": 640,
      "refKeypointCount": 2270,
      "overall": {
        "mean": 113.49538194444445,
        "stdDev": 38.840022396809616,
        "sharpness": 331.2134070108914
      },
      "climber": {
        "mean": 118.63609915510919,
        "stdDev": 43.29296910740354,
        "sharpness": 296.38482258674225
      },
      "wall": {
        "mean": 116.06655079292116,
        "stdDev": 35.224190186923074,
        "sharpness": 260.8621996794391
      },
      "flags": {
        "isOverexposed": false,
        "isUnderexposed": false,
        "isBacklit": false,
        "isLowContrast": false,
        "isBlurry": false
      }
    },
    "summary": {
      "refKeypointCount": 2270,
      "keyframeCount": 0,
      "keyframeKeypoints": {
        "min": 0,
        "avg": 0,
        "max": 0
      }
    }
  }
}