{
  "video_key": "IE4T94qX55g_20260711-145416",
  "route_folder": "planet-x",
  "run_ts": "20260719-192059",
  "written_at": "2026-07-19T19:20:59",
  "type": "orb",
  "data": {
    "setupHash": "ac3d9ddbc001a5a5f768d8f6d680df708f895bcd20a7aa20dbff7a720c93bb4a",
    "appVersion": "4f0d3f8",
    "referenceFrameMeta": {
      "width": 1280,
      "height": 720,
      "refKeypointCount": 3000,
      "overall": {
        "mean": 113.81006184895833,
        "stdDev": 63.80704782468166,
        "sharpness": 284.50699234899366
      },
      "climber": {
        "mean": 70.85656601123596,
        "stdDev": 15.285268774741443,
        "sharpness": 68.67114603094342
      },
      "wall": {
        "mean": 81.68091153202985,
        "stdDev": 37.39066279416718,
        "sharpness": 129.76685282994367
      },
      "flags": {
        "isOverexposed": false,
        "isUnderexposed": false,
        "isBacklit": false,
        "isLowContrast": false,
        "isBlurry": false
      }
    },
    "summary": {
      "refKeypointCount": 3000,
      "keyframeCount": 0,
      "keyframeKeypoints": {
        "min": 0,
        "avg": 0,
        "max": 0
      }
    }
  }
}