{
  "video_key": "IE4T94qX55g_20260711-145416",
  "route_folder": "planet-x",
  "run_ts": "20260721-155728",
  "written_at": "2026-07-21T15:57:28",
  "type": "orb",
  "data": {
    "setupHash": "3878f5b979805d6d0f29f8067bdbbd5b304de7a4a7ffd25c8cef6911f2f1ee64",
    "appVersion": "495795e",
    "referenceFrameMeta": {
      "width": 1280,
      "height": 720,
      "refKeypointCount": 3000,
      "overall": {
        "mean": 113.81006184895833,
        "stdDev": 63.80704782468166,
        "sharpness": 284.50699234899366
      },
      "climber": {
        "mean": 61.05861888111888,
        "stdDev": 17.64800967942159,
        "sharpness": 54.853146069486684
      },
      "wall": {
        "mean": 108.4872031810036,
        "stdDev": 62.25875660523137,
        "sharpness": 253.35129281680932
      },
      "flags": {
        "isOverexposed": false,
        "isUnderexposed": false,
        "isBacklit": false,
        "isLowContrast": false,
        "isBlurry": false
      }
    },
    "summary": {
      "refKeypointCount": 3000,
      "keyframeCount": 0,
      "keyframeKeypoints": {
        "min": 0,
        "avg": 0,
        "max": 0
      }
    }
  }
}