{
  "video_key": "IE4T94qX55g_20260711-145416",
  "route_folder": "planet-x",
  "run_ts": "20260721-192331",
  "written_at": "2026-07-21T19:23:31",
  "type": "orb",
  "data": {
    "setupHash": "9a13a735b5944b66cce4f4e51ec5a653c4c83f741e2120c0119c53aef0bae9dd",
    "appVersion": "495795e",
    "referenceFrameMeta": {
      "width": 1280,
      "height": 720,
      "refKeypointCount": 3000,
      "overall": {
        "mean": 113.81006184895833,
        "stdDev": 63.80704782468166,
        "sharpness": 284.50699234899366
      },
      "climber": {
        "mean": 67.632670837934,
        "stdDev": 19.317676533207113,
        "sharpness": 58.62699093696937
      },
      "wall": {
        "mean": 108.4872031810036,
        "stdDev": 62.25875660523137,
        "sharpness": 253.35129281680932
      },
      "flags": {
        "isOverexposed": false,
        "isUnderexposed": false,
        "isBacklit": false,
        "isLowContrast": false,
        "isBlurry": false
      }
    },
    "summary": {
      "refKeypointCount": 3000,
      "keyframeCount": 0,
      "keyframeKeypoints": {
        "min": 0,
        "avg": 0,
        "max": 0
      }
    }
  }
}