{
  "video_key": "IE4T94qX55g_20260711-145416",
  "route_folder": "planet-x",
  "run_ts": "20260717-233218",
  "written_at": "2026-07-17T23:32:18",
  "type": "orb",
  "data": {
    "setupHash": "6119323487d9b76e236f89b2407e4ed6bc7794893b2ed11118f327562dad5662",
    "appVersion": "744813e",
    "referenceFrameMeta": {
      "width": 1280,
      "height": 720,
      "refKeypointCount": 2914,
      "overall": {
        "mean": 113.81006184895833,
        "stdDev": 63.80704782468166,
        "sharpness": 284.50699234899366
      },
      "climber": {
        "mean": 53.207377772177416,
        "stdDev": 25.913354623371767,
        "sharpness": 135.95014822520534
      },
      "wall": {
        "mean": 81.64387937926394,
        "stdDev": 31.30636908311466,
        "sharpness": 97.5352426699501
      },
      "flags": {
        "isOverexposed": false,
        "isUnderexposed": false,
        "isBacklit": false,
        "isLowContrast": false,
        "isBlurry": false
      }
    },
    "summary": {
      "refKeypointCount": 2914,
      "keyframeCount": 0,
      "keyframeKeypoints": {
        "min": 0,
        "avg": 0,
        "max": 0
      }
    }
  }
}