{
  "video_key": "IE4T94qX55g_20260711-145416",
  "route_folder": "planet-x",
  "run_ts": "20260711-171532",
  "written_at": "2026-07-11T17:15:33",
  "type": "orb",
  "data": {
    "setupHash": "d2929971a9c4e71193e2cfbb739a99aaea74b2199608635561b560f82b166c38",
    "appVersion": "0a52b62",
    "referenceFrameMeta": {
      "width": 1280,
      "height": 720,
      "refKeypointCount": 3000,
      "overall": {
        "mean": 113.81006184895833,
        "stdDev": 63.80704782468166,
        "sharpness": 284.50699234899366
      },
      "climber": {
        "mean": 69.54667519863489,
        "stdDev": 36.8118384297609,
        "sharpness": 212.39984183647542
      },
      "wall": {
        "mean": 73.08727694324025,
        "stdDev": 30.2302600097836,
        "sharpness": 123.39561041167144
      },
      "flags": {
        "isOverexposed": false,
        "isUnderexposed": false,
        "isBacklit": false,
        "isLowContrast": false,
        "isBlurry": false
      }
    },
    "summary": {
      "refKeypointCount": 3000,
      "keyframeCount": 0,
      "keyframeKeypoints": {
        "min": 0,
        "avg": 0,
        "max": 0
      }
    }
  }
}