{
  "video_key": "Bishop_Bouldering__A_Maze_of_Death__V12___1__20260711-113258",
  "route_folder": "maze-of-death",
  "run_ts": "20260713-064006",
  "written_at": "2026-07-13T06:40:06",
  "type": "orb",
  "data": {
    "setupHash": "2f5b0a5fa4c80d2ebbf5c7c7301dda2f3b8981313cc504d411f7ec0e3dd2fcb8",
    "appVersion": "8b061ed",
    "referenceFrameMeta": {
      "width": 1280,
      "height": 720,
      "refKeypointCount": 3000,
      "overall": {
        "mean": 141.973447265625,
        "stdDev": 54.450301678640926,
        "sharpness": 542.9595963507327
      },
      "climber": {
        "mean": 85.39511725024093,
        "stdDev": 33.06904862533518,
        "sharpness": 166.4022640283256
      },
      "wall": {
        "mean": 123.39208306294614,
        "stdDev": 43.41332297717064,
        "sharpness": 402.83811312245234
      },
      "flags": {
        "isOverexposed": false,
        "isUnderexposed": false,
        "isBacklit": false,
        "isLowContrast": false,
        "isBlurry": false
      }
    },
    "summary": {
      "refKeypointCount": 3000,
      "keyframeCount": 0,
      "keyframeKeypoints": {
        "min": 0,
        "avg": 0,
        "max": 0
      }
    }
  }
}