{
  "video_key": "Bishop_Bouldering__A_Maze_of_Death__V12___1__20260711-113258",
  "route_folder": "maze-of-death",
  "run_ts": "20260721-201034",
  "written_at": "2026-07-21T20:10:34",
  "type": "orb",
  "data": {
    "setupHash": "6a2255bf411633b1002c3063b81d72604227a71707087f0433320686683c0110",
    "appVersion": "495795e",
    "referenceFrameMeta": {
      "width": 1280,
      "height": 720,
      "refKeypointCount": 3000,
      "overall": {
        "mean": 141.973447265625,
        "stdDev": 54.450301678640926,
        "sharpness": 542.9595963507327
      },
      "climber": {
        "mean": 109.92933640552995,
        "stdDev": 29.34979336744495,
        "sharpness": 215.43162016258796
      },
      "wall": {
        "mean": 117.26316159579953,
        "stdDev": 37.301895927692286,
        "sharpness": 391.1246172950068
      },
      "flags": {
        "isOverexposed": false,
        "isUnderexposed": false,
        "isBacklit": false,
        "isLowContrast": false,
        "isBlurry": false
      }
    },
    "summary": {
      "refKeypointCount": 3000,
      "keyframeCount": 0,
      "keyframeKeypoints": {
        "min": 0,
        "avg": 0,
        "max": 0
      }
    }
  }
}