{
  "video_key": "Bishop_Bouldering__A_Maze_of_Death__V12___1__20260711-113258",
  "route_folder": "maze-of-death",
  "run_ts": "20260717-214308",
  "written_at": "2026-07-17T21:43:08",
  "type": "orb",
  "data": {
    "setupHash": "6b1a7c49b06718f6af8384134d65d6de12e8c9c8322b423b1b37e458502550de",
    "appVersion": "744813e",
    "referenceFrameMeta": {
      "width": 1280,
      "height": 720,
      "refKeypointCount": 3000,
      "overall": {
        "mean": 141.973447265625,
        "stdDev": 54.450301678640926,
        "sharpness": 542.9595963507327
      },
      "climber": {
        "mean": 96.97518894009217,
        "stdDev": 31.39708302055022,
        "sharpness": 170.95454439346943
      },
      "wall": {
        "mean": 135.07942708333334,
        "stdDev": 50.910778635431534,
        "sharpness": 520.8947532243947
      },
      "flags": {
        "isOverexposed": false,
        "isUnderexposed": false,
        "isBacklit": false,
        "isLowContrast": false,
        "isBlurry": false
      }
    },
    "summary": {
      "refKeypointCount": 3000,
      "keyframeCount": 0,
      "keyframeKeypoints": {
        "min": 0,
        "avg": 0,
        "max": 0
      }
    }
  }
}