{
  "video_key": "f0hsR3dD_ww_20260721-213439",
  "route_folder": "worlds-best-boulder-problem-V4",
  "run_ts": "20260721-222339",
  "written_at": "2026-07-21T22:23:39",
  "type": "orb",
  "data": {
    "setupHash": "56fb027dc8a3019b391d07622f6871e5fdfc210450b2013ec7f9dbdf757190d0",
    "appVersion": "f7af59a",
    "referenceFrameMeta": {
      "width": 576,
      "height": 720,
      "refKeypointCount": 2945,
      "overall": {
        "mean": 73.00220630787037,
        "stdDev": 31.399823139372987,
        "sharpness": 137.79939411276064
      },
      "climber": {
        "mean": 70.3499915701922,
        "stdDev": 30.020095167379687,
        "sharpness": 131.32445789523263
      },
      "wall": {
        "mean": 74.2907009174312,
        "stdDev": 27.881688608175637,
        "sharpness": 126.4237178938565
      },
      "flags": {
        "isOverexposed": false,
        "isUnderexposed": false,
        "isBacklit": false,
        "isLowContrast": false,
        "isBlurry": false
      }
    },
    "summary": {
      "refKeypointCount": 2945,
      "keyframeCount": 0,
      "keyframeKeypoints": {
        "min": 0,
        "avg": 0,
        "max": 0
      }
    }
  }
}