{
  "video_key": "3aUyWQp010A_20260711-185754",
  "route_folder": "planet-x",
  "run_ts": "20260717-232857",
  "written_at": "2026-07-17T23:28:57",
  "type": "orb",
  "data": {
    "setupHash": "4f783f73c827ee464968114cfab111fa0d3ec955ed08af80889ed67cb0f925ea",
    "appVersion": "744813e",
    "referenceFrameMeta": {
      "width": 1280,
      "height": 720,
      "refKeypointCount": 3000,
      "overall": {
        "mean": 117.97686957465278,
        "stdDev": 63.53129812884785,
        "sharpness": 196.6182409940666
      },
      "climber": {
        "mean": 81.5448543053585,
        "stdDev": 26.512313005498164,
        "sharpness": 130.42942448376925
      },
      "wall": {
        "mean": 84.17644505449384,
        "stdDev": 23.451490448498948,
        "sharpness": 108.70471253488721
      },
      "flags": {
        "isOverexposed": false,
        "isUnderexposed": false,
        "isBacklit": false,
        "isLowContrast": false,
        "isBlurry": false
      }
    },
    "summary": {
      "refKeypointCount": 3000,
      "keyframeCount": 0,
      "keyframeKeypoints": {
        "min": 0,
        "avg": 0,
        "max": 0
      }
    }
  }
}