{
  "video_key": "cTEE-6F_0zs_20260722-061502",
  "route_folder": "yin-yang",
  "run_ts": "20260723-115458",
  "written_at": "2026-07-23T11:54:58",
  "type": "orb",
  "data": {
    "setupHash": "0f02c2db09483ac728f6f0d46898e59d206d2f15ab05444f688ea13a73037349",
    "appVersion": "f7af59a",
    "referenceFrameMeta": {
      "width": 406,
      "height": 720,
      "refKeypointCount": 2784,
      "overall": {
        "mean": 129.97847564313082,
        "stdDev": 36.62511297474808,
        "sharpness": 215.655481700991
      },
      "climber": {
        "mean": 128.5177644710579,
        "stdDev": 25.354969518386405,
        "sharpness": 153.25258316761392
      },
      "wall": {
        "mean": 132.71808219178084,
        "stdDev": 27.576318260644392,
        "sharpness": 134.39485698618955
      },
      "flags": {
        "isOverexposed": false,
        "isUnderexposed": false,
        "isBacklit": false,
        "isLowContrast": false,
        "isBlurry": false
      }
    },
    "summary": {
      "refKeypointCount": 2784,
      "keyframeCount": 0,
      "keyframeKeypoints": {
        "min": 0,
        "avg": 0,
        "max": 0
      }
    }
  }
}