{
  "video_key": "7GtieZtyx4M_20260721-214445",
  "route_folder": "worlds-best-boulder-problem-V4",
  "run_ts": "20260721-215421",
  "written_at": "2026-07-21T21:54:21",
  "type": "orb",
  "data": {
    "setupHash": "3be5da2ddaddb5a609a8364fd7e4dc269deae1c786f003297e97b08fbabf2b14",
    "appVersion": "f7af59a",
    "referenceFrameMeta": {
      "width": 360,
      "height": 640,
      "refKeypointCount": 2347,
      "overall": {
        "mean": 96.564765625,
        "stdDev": 55.93009919878597,
        "sharpness": 498.90726633479426
      },
      "climber": {
        "mean": 68.30447116423068,
        "stdDev": 30.686690169923875,
        "sharpness": 311.97514894153215
      },
      "wall": {
        "mean": 73.28281303212623,
        "stdDev": 31.778236586838553,
        "sharpness": 330.4089116249597
      },
      "flags": {
        "isOverexposed": false,
        "isUnderexposed": false,
        "isBacklit": false,
        "isLowContrast": false,
        "isBlurry": false
      }
    },
    "summary": {
      "refKeypointCount": 2347,
      "keyframeCount": 0,
      "keyframeKeypoints": {
        "min": 0,
        "avg": 0,
        "max": 0
      }
    }
  }
}