{
  "video_key": "rLUMNxsjalk_20260722-060922",
  "route_folder": "yin-yang",
  "run_ts": "20260723-120141",
  "written_at": "2026-07-23T12:01:41",
  "type": "orb",
  "data": {
    "setupHash": "45d2a92944953859521f76cc8a3a5168f9fa44c7e4eba8fb1de0ee708bf984b6",
    "appVersion": "f7af59a",
    "referenceFrameMeta": {
      "width": 406,
      "height": 720,
      "refKeypointCount": 2801,
      "overall": {
        "mean": 121.77480500821018,
        "stdDev": 50.1868367658398,
        "sharpness": 372.47340313484716
      },
      "climber": {
        "mean": 116.16149477740593,
        "stdDev": 49.75347736841278,
        "sharpness": 461.5218774434943
      },
      "wall": {
        "mean": 121.4224870567549,
        "stdDev": 34.61818786979379,
        "sharpness": 246.54417628086048
      },
      "flags": {
        "isOverexposed": false,
        "isUnderexposed": false,
        "isBacklit": false,
        "isLowContrast": false,
        "isBlurry": false
      }
    },
    "summary": {
      "refKeypointCount": 2801,
      "keyframeCount": 0,
      "keyframeKeypoints": {
        "min": 0,
        "avg": 0,
        "max": 0
      }
    }
  }
}