{
  "video_key": "SQn72roSR-Y_20260721-224620",
  "route_folder": "rug-rat",
  "run_ts": "20260723-111547",
  "written_at": "2026-07-23T11:15:47",
  "type": "orb",
  "data": {
    "setupHash": "33844a8aebfb19899aaf90485f11714a670af60c5987fa005e44f67d176d3864",
    "appVersion": "f7af59a",
    "referenceFrameMeta": {
      "width": 360,
      "height": 640,
      "refKeypointCount": 1763,
      "overall": {
        "mean": 102.70113715277778,
        "stdDev": 72.79750080673706,
        "sharpness": 270.74294267186633
      },
      "climber": {
        "mean": 62.64759780689527,
        "stdDev": 43.862198381249705,
        "sharpness": 164.03813958138562
      },
      "wall": {
        "mean": 176.06432519104803,
        "stdDev": 67.28331892798697,
        "sharpness": 457.90920979946713
      },
      "flags": {
        "isOverexposed": false,
        "isUnderexposed": false,
        "isBacklit": false,
        "isLowContrast": false,
        "isBlurry": false
      }
    },
    "summary": {
      "refKeypointCount": 1763,
      "keyframeCount": 0,
      "keyframeKeypoints": {
        "min": 0,
        "avg": 0,
        "max": 0
      }
    }
  }
}