{
  "video_key": "Bishop_Bouldering__Lizard_Therapy__V9__20260710-192620",
  "route_folder": "lizard-therapy",
  "run_ts": "20260716-185819",
  "written_at": "2026-07-16T18:58:19",
  "type": "orb",
  "data": {
    "setupHash": "477a2e8d83013e6f632a05ac6df323a223778e25f40e3ba48de845709b6325d0",
    "appVersion": "29ddca9",
    "referenceFrameMeta": {
      "width": 360,
      "height": 640,
      "refKeypointCount": 2024,
      "overall": {
        "mean": 123.46819010416667,
        "stdDev": 40.11296401698269,
        "sharpness": 143.96325484957922
      },
      "climber": {
        "mean": 113.582829441201,
        "stdDev": 44.70018484792652,
        "sharpness": 126.90954952686845
      },
      "wall": {
        "mean": 135.11531492666091,
        "stdDev": 30.275683812864465,
        "sharpness": 186.93119940073663
      },
      "flags": {
        "isOverexposed": false,
        "isUnderexposed": false,
        "isBacklit": false,
        "isLowContrast": false,
        "isBlurry": false
      }
    },
    "summary": {
      "refKeypointCount": 2024,
      "keyframeCount": 0,
      "keyframeKeypoints": {
        "min": 0,
        "avg": 0,
        "max": 0
      }
    }
  }
}