{
  "video_key": "Bishop_Bouldering__Lizard_Therapy__V9__20260710-192620",
  "route_folder": "lizard-therapy",
  "run_ts": "20260721-200251",
  "written_at": "2026-07-21T20:02:51",
  "type": "orb",
  "data": {
    "setupHash": "477a2e8d83013e6f632a05ac6df323a223778e25f40e3ba48de845709b6325d0",
    "appVersion": "495795e",
    "referenceFrameMeta": {
      "width": 360,
      "height": 640,
      "refKeypointCount": 2032,
      "overall": {
        "mean": 123.4650998263889,
        "stdDev": 40.11133222606927,
        "sharpness": 143.9501557183139
      },
      "climber": {
        "mean": 113.57972268557131,
        "stdDev": 44.69821874029533,
        "sharpness": 126.90331525576401
      },
      "wall": {
        "mean": 135.11124532643083,
        "stdDev": 30.274019717594406,
        "sharpness": 186.91585854068398
      },
      "flags": {
        "isOverexposed": false,
        "isUnderexposed": false,
        "isBacklit": false,
        "isLowContrast": false,
        "isBlurry": false
      }
    },
    "summary": {
      "refKeypointCount": 2032,
      "keyframeCount": 0,
      "keyframeKeypoints": {
        "min": 0,
        "avg": 0,
        "max": 0
      }
    }
  }
}