{
  "video_key": "Bishop_Bouldering__Lizard_Therapy__V9__20260710-192620",
  "route_folder": "lizard-therapy",
  "run_ts": "20260710-193748",
  "written_at": "2026-07-10T19:37:48",
  "type": "orb",
  "data": {
    "setupHash": "3983a4577479b1fa13916cc26a10b2a126f92ab5037ca656f8c511efea47c37f",
    "appVersion": "0a52b62",
    "referenceFrameMeta": {
      "width": 360,
      "height": 640,
      "refKeypointCount": 2771,
      "overall": {
        "mean": 123.4650998263889,
        "stdDev": 40.11133222606927,
        "sharpness": 143.9501557183139
      },
      "climber": {
        "mean": 111.38074666236004,
        "stdDev": 45.90821186998777,
        "sharpness": 131.08133043912676
      },
      "wall": {
        "mean": 141.52377899197145,
        "stdDev": 27.644390577682504,
        "sharpness": 175.17620087952855
      },
      "flags": {
        "isOverexposed": false,
        "isUnderexposed": false,
        "isBacklit": false,
        "isLowContrast": false,
        "isBlurry": false
      }
    },
    "summary": {
      "refKeypointCount": 2771,
      "keyframeCount": 0,
      "keyframeKeypoints": {
        "min": 0,
        "avg": 0,
        "max": 0
      }
    }
  }
}