{
  "video_key": "Bishop_Bouldering__A_Scanner_Darkly__V12__20260710-192148",
  "route_folder": "scanner-darkly-a",
  "run_ts": "20260710-193100",
  "written_at": "2026-07-10T19:31:00",
  "type": "orb",
  "data": {
    "setupHash": "cef9bed061bba8ec1578a6752f86232d7f0c40d6768bf16669dc113bbc8c8e7e",
    "appVersion": "0a52b62",
    "referenceFrameMeta": {
      "width": 1280,
      "height": 720,
      "refKeypointCount": 3000,
      "overall": {
        "mean": 140.166875,
        "stdDev": 54.28616414100462,
        "sharpness": 160.22356074533673
      },
      "climber": {
        "mean": 53.847564485622655,
        "stdDev": 24.418266287028985,
        "sharpness": 38.74718171612768
      },
      "wall": {
        "mean": 110.68398532424834,
        "stdDev": 29.596306154810684,
        "sharpness": 114.74316543987517
      },
      "flags": {
        "isOverexposed": false,
        "isUnderexposed": false,
        "isBacklit": true,
        "isLowContrast": false,
        "isBlurry": false
      }
    },
    "summary": {
      "refKeypointCount": 3000,
      "keyframeCount": 0,
      "keyframeKeypoints": {
        "min": 0,
        "avg": 0,
        "max": 0
      }
    }
  }
}