{
  "video_key": "DEDBeWcqxK8_20260711-185309",
  "route_folder": "planet-x",
  "run_ts": "20260711-201007",
  "written_at": "2026-07-11T20:10:07",
  "type": "orb",
  "data": {
    "setupHash": "1983434507cae10634c47a7ee78a3c714616e5886cf2e86c9d959ced4fca3b64",
    "appVersion": "0a52b62",
    "referenceFrameMeta": {
      "width": 406,
      "height": 720,
      "refKeypointCount": 2554,
      "overall": {
        "mean": 111.45096811713191,
        "stdDev": 44.28847268025347,
        "sharpness": 204.57477587108588
      },
      "climber": {
        "mean": 96.18038825286212,
        "stdDev": 48.073170064893624,
        "sharpness": 251.86077436256164
      },
      "wall": {
        "mean": 115.97273212898213,
        "stdDev": 34.38961988491092,
        "sharpness": 192.55538933944808
      },
      "flags": {
        "isOverexposed": false,
        "isUnderexposed": false,
        "isBacklit": false,
        "isLowContrast": false,
        "isBlurry": false
      }
    },
    "summary": {
      "refKeypointCount": 2554,
      "keyframeCount": 71,
      "keyframeKeypoints": {
        "min": 2635,
        "avg": 2690.7042253521126,
        "max": 2737
      }
    }
  }
}