{
  "video_key": "DEDBeWcqxK8_20260711-185309",
  "route_folder": "planet-x",
  "run_ts": "20260717-233120",
  "written_at": "2026-07-17T23:31:20",
  "type": "orb",
  "data": {
    "setupHash": "d55a91ae85f3086ef6719c85a73b35fc072b219091d053333acea30159cfc0b5",
    "appVersion": "744813e",
    "referenceFrameMeta": {
      "width": 406,
      "height": 720,
      "refKeypointCount": 2588,
      "overall": {
        "mean": 111.45096811713191,
        "stdDev": 44.28847268025347,
        "sharpness": 204.57477587108588
      },
      "climber": {
        "mean": 107.79158760278305,
        "stdDev": 43.98015212824966,
        "sharpness": 235.85078423771117
      },
      "wall": {
        "mean": 117.4467841060353,
        "stdDev": 34.098495015958854,
        "sharpness": 205.4244185618645
      },
      "flags": {
        "isOverexposed": false,
        "isUnderexposed": false,
        "isBacklit": false,
        "isLowContrast": false,
        "isBlurry": false
      }
    },
    "summary": {
      "refKeypointCount": 2588,
      "keyframeCount": 71,
      "keyframeKeypoints": {
        "min": 2647,
        "avg": 2717.957746478873,
        "max": 2767
      }
    }
  }
}