{
  "video_key": "xLOOGHF30io_20260721-223936",
  "route_folder": "brown-power",
  "run_ts": "20260723-091645",
  "written_at": "2026-07-23T09:16:45",
  "type": "orb",
  "data": {
    "setupHash": "0f57056de6027e6073bead6beffa9dc2fbc37413781692b4ce7aaba50cf13b9c",
    "appVersion": "f7af59a",
    "referenceFrameMeta": {
      "width": 1280,
      "height": 720,
      "refKeypointCount": 2383,
      "overall": {
        "mean": 134.04001193576389,
        "stdDev": 35.24157139738735,
        "sharpness": 63.073031675319726
      },
      "climber": {
        "mean": 143.64578532815827,
        "stdDev": 45.373208602303315,
        "sharpness": 87.56900713991125
      },
      "wall": {
        "mean": 119.30034957345094,
        "stdDev": 39.97596570764357,
        "sharpness": 58.63065223434205
      },
      "flags": {
        "isOverexposed": false,
        "isUnderexposed": false,
        "isBacklit": false,
        "isLowContrast": false,
        "isBlurry": false
      }
    },
    "summary": {
      "refKeypointCount": 2383,
      "keyframeCount": 0,
      "keyframeKeypoints": {
        "min": 0,
        "avg": 0,
        "max": 0
      }
    }
  }
}