{
  "counts": {
    "matchedFrames": 188,
    "scannerMissingFrames": 370,
    "torsoUndefinedFrames": 10,
    "truthFramesAbsent": 137,
    "truthFramesTotal": 705
  },
  "joinToleranceSec": 0.5,
  "jointSet": [
    "nose",
    "left_shoulder",
    "right_shoulder",
    "left_elbow",
    "right_elbow",
    "left_wrist",
    "right_wrist",
    "left_hip",
    "right_hip",
    "left_knee",
    "right_knee",
    "left_ankle",
    "right_ankle"
  ],
  "metric": "PCK@0.5-torso",
  "perJoint": {
    "left_ankle": {
      "correct": 130,
      "pck": 0.7065217391304348,
      "total": 184
    },
    "left_elbow": {
      "correct": 71,
      "pck": 0.39664804469273746,
      "total": 179
    },
    "left_hip": {
      "correct": 176,
      "pck": 0.9361702127659575,
      "total": 188
    },
    "left_knee": {
      "correct": 140,
      "pck": 0.7446808510638298,
      "total": 188
    },
    "left_shoulder": {
      "correct": 176,
      "pck": 0.9361702127659575,
      "total": 188
    },
    "left_wrist": {
      "correct": 71,
      "pck": 0.4382716049382716,
      "total": 162
    },
    "nose": {
      "correct": 154,
      "pck": 0.9871794871794872,
      "total": 156
    },
    "right_ankle": {
      "correct": 154,
      "pck": 0.8191489361702128,
      "total": 188
    },
    "right_elbow": {
      "correct": 162,
      "pck": 0.8617021276595744,
      "total": 188
    },
    "right_hip": {
      "correct": 177,
      "pck": 0.9414893617021277,
      "total": 188
    },
    "right_knee": {
      "correct": 166,
      "pck": 0.8829787234042553,
      "total": 188
    },
    "right_shoulder": {
      "correct": 176,
      "pck": 0.9361702127659575,
      "total": 188
    },
    "right_wrist": {
      "correct": 148,
      "pck": 0.7914438502673797,
      "total": 187
    }
  },
  "routeFolder": "planet-x",
  "runTs": "20260717-232857",
  "scannerFrameIntervalSec": 1.0,
  "schemaVersion": 1,
  "setupHash": "4f783f73c827ee464968114cfab111fa0d3ec955ed08af80889ed67cb0f925ea",
  "truthHash": "36c27457ea6a86b17bf924b8e16b3a85eb67eee9ba8f5c43185bd974e179abcd",
  "truthSetupHashSource": "truth",
  "truthSource": "ground-truth",
  "videoKey": "3aUyWQp010A_20260711-185754"
}
