{
  "counts": {
    "matchedFrames": 63,
    "scannerMissingFrames": 0,
    "torsoUndefinedFrames": 0,
    "truthFramesAbsent": 8,
    "truthFramesTotal": 71
  },
  "joinToleranceSec": 0.05000000000000071,
  "jointSet": [
    "nose",
    "left_shoulder",
    "right_shoulder",
    "left_elbow",
    "right_elbow",
    "left_wrist",
    "right_wrist",
    "left_hip",
    "right_hip",
    "left_knee",
    "right_knee",
    "left_ankle",
    "right_ankle"
  ],
  "metric": "PCK@0.5-torso",
  "perJoint": {
    "left_ankle": {
      "correct": 16,
      "pck": 0.25396825396825395,
      "total": 63
    },
    "left_elbow": {
      "correct": 10,
      "pck": 0.15873015873015872,
      "total": 63
    },
    "left_hip": {
      "correct": 19,
      "pck": 0.30158730158730157,
      "total": 63
    },
    "left_knee": {
      "correct": 19,
      "pck": 0.30158730158730157,
      "total": 63
    },
    "left_shoulder": {
      "correct": 19,
      "pck": 0.30158730158730157,
      "total": 63
    },
    "left_wrist": {
      "correct": 14,
      "pck": 0.2222222222222222,
      "total": 63
    },
    "nose": {
      "correct": 19,
      "pck": 0.30158730158730157,
      "total": 63
    },
    "right_ankle": {
      "correct": 16,
      "pck": 0.25396825396825395,
      "total": 63
    },
    "right_elbow": {
      "correct": 18,
      "pck": 0.2857142857142857,
      "total": 63
    },
    "right_hip": {
      "correct": 19,
      "pck": 0.30158730158730157,
      "total": 63
    },
    "right_knee": {
      "correct": 21,
      "pck": 0.3333333333333333,
      "total": 63
    },
    "right_shoulder": {
      "correct": 19,
      "pck": 0.30158730158730157,
      "total": 63
    },
    "right_wrist": {
      "correct": 18,
      "pck": 0.2857142857142857,
      "total": 63
    }
  },
  "routeFolder": "planet-x",
  "runTs": "20260711-190058",
  "scannerFrameIntervalSec": 0.10000000000000142,
  "schemaVersion": 1,
  "setupHash": "52bd044ebd6765dea8bcb21debb0e958294d4d9554cffb8f6e9477084d6911f1",
  "truthHash": "91e80b9ff1fd95af6fd370ee80aa4762495844cc050e919cb5fb92837dbebb58",
  "truthSetupHashSource": "truth",
  "truthSource": "vitpose",
  "videoKey": "3aUyWQp010A_20260711-185754"
}
