{
  "video_key": "CpO4rw3K8NM_20260721-224102",
  "route_folder": "brown-power",
  "run_ts": "20260723-091451",
  "written_at": "2026-07-23T09:14:51",
  "type": "orb",
  "data": {
    "setupHash": "4bd45f6b6fb7277185050c6d87e13e248e9e513234a723fe3fdd94e432eaa4e1",
    "appVersion": "f7af59a",
    "referenceFrameMeta": {
      "width": 1280,
      "height": 720,
      "refKeypointCount": 2779,
      "overall": {
        "mean": 133.49577582465278,
        "stdDev": 45.25922046697083,
        "sharpness": 249.36057816930406
      },
      "climber": {
        "mean": 93.45590437409695,
        "stdDev": 58.4983417660127,
        "sharpness": 179.73157664178143
      },
      "wall": {
        "mean": 113.54754888108405,
        "stdDev": 46.30453291663442,
        "sharpness": 181.32217453736303
      },
      "flags": {
        "isOverexposed": false,
        "isUnderexposed": false,
        "isBacklit": false,
        "isLowContrast": false,
        "isBlurry": false
      }
    },
    "summary": {
      "refKeypointCount": 2779,
      "keyframeCount": 0,
      "keyframeKeypoints": {
        "min": 0,
        "avg": 0,
        "max": 0
      }
    }
  }
}