{
  "video_key": "A_Maze_of_Death__v12__Bishop__CA_20260711-111914",
  "route_folder": "maze-of-death",
  "run_ts": "20260717-231248",
  "written_at": "2026-07-17T23:12:48",
  "type": "orb",
  "data": {
    "setupHash": "9de444e9411cda573c5076f5560ee801f0698eccfe033e3a566a5d8507607f85",
    "appVersion": "744813e",
    "referenceFrameMeta": {
      "width": 1280,
      "height": 720,
      "refKeypointCount": 2904,
      "overall": {
        "mean": 113.27367404513889,
        "stdDev": 52.94256887872765,
        "sharpness": 461.98014099995277
      },
      "climber": {
        "mean": 58.89159025096525,
        "stdDev": 31.16628476746343,
        "sharpness": 131.51894252610873
      },
      "wall": {
        "mean": 95.2768410507191,
        "stdDev": 28.848822285020677,
        "sharpness": 340.18534889027063
      },
      "flags": {
        "isOverexposed": false,
        "isUnderexposed": false,
        "isBacklit": false,
        "isLowContrast": false,
        "isBlurry": false
      }
    },
    "summary": {
      "refKeypointCount": 2904,
      "keyframeCount": 0,
      "keyframeKeypoints": {
        "min": 0,
        "avg": 0,
        "max": 0
      }
    }
  }
}