{
  "video_key": "A_Maze_of_Death__v12__Bishop__CA_20260711-111914",
  "route_folder": "maze-of-death",
  "run_ts": "20260711-112429",
  "written_at": "2026-07-11T11:24:29",
  "type": "orb",
  "data": {
    "setupHash": "ace0a1b879bb1ceb0bebfc621479d530ff7c85f0eb9f14040879177f5fd92d6f",
    "appVersion": "0a52b62",
    "referenceFrameMeta": {
      "width": 1280,
      "height": 720,
      "refKeypointCount": 3000,
      "overall": {
        "mean": 113.27367404513889,
        "stdDev": 52.94256887872765,
        "sharpness": 461.98014099995277
      },
      "climber": {
        "mean": 58.71884166510641,
        "stdDev": 31.36311482792326,
        "sharpness": 132.15495685072892
      },
      "wall": {
        "mean": 103.49351118154604,
        "stdDev": 49.041794062496265,
        "sharpness": 447.7768251395391
      },
      "flags": {
        "isOverexposed": false,
        "isUnderexposed": false,
        "isBacklit": false,
        "isLowContrast": false,
        "isBlurry": false
      }
    },
    "summary": {
      "refKeypointCount": 3000,
      "keyframeCount": 0,
      "keyframeKeypoints": {
        "min": 0,
        "avg": 0,
        "max": 0
      }
    }
  }
}