{
  "video_key": "A_Maze_of_Death__v12__Bishop__CA_20260711-111914",
  "route_folder": "maze-of-death",
  "run_ts": "20260721-200920",
  "written_at": "2026-07-21T20:09:20",
  "type": "orb",
  "data": {
    "setupHash": "89aeb246e6d51c4f5aa90006afbd81cf55635d43c3e406380447ad62dbdfb89f",
    "appVersion": "495795e",
    "referenceFrameMeta": {
      "width": 1280,
      "height": 720,
      "refKeypointCount": 2904,
      "overall": {
        "mean": 113.27367404513889,
        "stdDev": 52.94256887872765,
        "sharpness": 461.98014099995277
      },
      "climber": {
        "mean": 77.32311181434599,
        "stdDev": 34.74078145672293,
        "sharpness": 204.78007948111915
      },
      "wall": {
        "mean": 95.2768410507191,
        "stdDev": 28.848822285020677,
        "sharpness": 340.18534889027063
      },
      "flags": {
        "isOverexposed": false,
        "isUnderexposed": false,
        "isBacklit": false,
        "isLowContrast": false,
        "isBlurry": false
      }
    },
    "summary": {
      "refKeypointCount": 2904,
      "keyframeCount": 0,
      "keyframeKeypoints": {
        "min": 0,
        "avg": 0,
        "max": 0
      }
    }
  }
}