{
  "video_key": "potxUnLl9pU_20260721-223711",
  "route_folder": "brown-power",
  "run_ts": "20260723-091511",
  "written_at": "2026-07-23T09:15:11",
  "type": "orb",
  "data": {
    "setupHash": "bd9269a0de9e9368c904ae36e67690c14467847b4ade3ba0d8b3e3e50e8c7ca3",
    "appVersion": "f7af59a",
    "referenceFrameMeta": {
      "width": 1280,
      "height": 720,
      "refKeypointCount": 2554,
      "overall": {
        "mean": 144.99237738715277,
        "stdDev": 52.38122273357295,
        "sharpness": 153.0002279492619
      },
      "climber": {
        "mean": 113.68799278046927,
        "stdDev": 48.016848761789674,
        "sharpness": 118.37757812143356
      },
      "wall": {
        "mean": 106.5014028056112,
        "stdDev": 37.203688105772514,
        "sharpness": 72.02021479485485
      },
      "flags": {
        "isOverexposed": false,
        "isUnderexposed": false,
        "isBacklit": false,
        "isLowContrast": false,
        "isBlurry": false
      }
    },
    "summary": {
      "refKeypointCount": 2554,
      "keyframeCount": 0,
      "keyframeKeypoints": {
        "min": 0,
        "avg": 0,
        "max": 0
      }
    }
  }
}