{
  "video_key": "w30e8umOfE4_20260721-223853",
  "route_folder": "brown-power",
  "run_ts": "20260723-091531",
  "written_at": "2026-07-23T09:15:31",
  "type": "orb",
  "data": {
    "setupHash": "effd8b4e0d7dcb810e8869a1cbd7270c8456e3098a47f14febd80f3c9118b163",
    "appVersion": "f7af59a",
    "referenceFrameMeta": {
      "width": 406,
      "height": 720,
      "refKeypointCount": 68,
      "overall": {
        "mean": 115.27748357963875,
        "stdDev": 62.282915775947586,
        "sharpness": 225.04606511884774
      },
      "climber": {
        "mean": 79.08805597201399,
        "stdDev": 52.823651645662245,
        "sharpness": 521.4927193799413
      },
      "wall": {
        "mean": 106.26048480184687,
        "stdDev": 53.96990757932135,
        "sharpness": 342.75903985735204
      },
      "flags": {
        "isOverexposed": false,
        "isUnderexposed": false,
        "isBacklit": false,
        "isLowContrast": false,
        "isBlurry": false
      }
    },
    "summary": {
      "refKeypointCount": 68,
      "keyframeCount": 0,
      "keyframeKeypoints": {
        "min": 0,
        "avg": 0,
        "max": 0
      }
    }
  }
}