{
  "video_key": "Planet_X__V6._Joshua_Tree_20260711-142230",
  "route_folder": "planet-x",
  "run_ts": "20260711-170928",
  "written_at": "2026-07-11T17:09:28",
  "type": "orb",
  "data": {
    "setupHash": "904dac05551dd9050deff543afcf2aa8943fb2831dbe0c75df14e76e7a69bef7",
    "appVersion": "0a52b62",
    "referenceFrameMeta": {
      "width": 1280,
      "height": 720,
      "refKeypointCount": 3000,
      "overall": {
        "mean": 146.190126953125,
        "stdDev": 71.02365675279306,
        "sharpness": 152.57368294157462
      },
      "climber": {
        "mean": 108.68470965859352,
        "stdDev": 44.56895107906117,
        "sharpness": 209.3349605357962
      },
      "wall": {
        "mean": 99.08227639899118,
        "stdDev": 47.39923856103867,
        "sharpness": 130.65592584145634
      },
      "flags": {
        "isOverexposed": false,
        "isUnderexposed": false,
        "isBacklit": false,
        "isLowContrast": false,
        "isBlurry": false
      }
    },
    "summary": {
      "refKeypointCount": 3000,
      "keyframeCount": 0,
      "keyframeKeypoints": {
        "min": 0,
        "avg": 0,
        "max": 0
      }
    }
  }
}