{
  "video_key": "Planet_X__V6._Joshua_Tree_20260711-142230",
  "route_folder": "planet-x",
  "run_ts": "20260717-233411",
  "written_at": "2026-07-17T23:34:11",
  "type": "orb",
  "data": {
    "setupHash": "9c5215c8ee604cdb55a2005a2e6f65d5e7625f46d5a9a9aaa2b6bd27c1a361ad",
    "appVersion": "744813e",
    "referenceFrameMeta": {
      "width": 1280,
      "height": 720,
      "refKeypointCount": 3000,
      "overall": {
        "mean": 146.190126953125,
        "stdDev": 71.02365675279306,
        "sharpness": 152.57368294157462
      },
      "climber": {
        "mean": 108.68470965859352,
        "stdDev": 44.56895107906117,
        "sharpness": 209.3349605357962
      },
      "wall": {
        "mean": 97.95346216375998,
        "stdDev": 43.0490902838062,
        "sharpness": 130.56537424522682
      },
      "flags": {
        "isOverexposed": false,
        "isUnderexposed": false,
        "isBacklit": false,
        "isLowContrast": false,
        "isBlurry": false
      }
    },
    "summary": {
      "refKeypointCount": 3000,
      "keyframeCount": 0,
      "keyframeKeypoints": {
        "min": 0,
        "avg": 0,
        "max": 0
      }
    }
  }
}