{
  "video_key": "Planet_X__V6._Joshua_Tree_20260711-142230",
  "route_folder": "planet-x",
  "run_ts": "20260721-202912",
  "written_at": "2026-07-21T20:29:12",
  "type": "orb",
  "data": {
    "setupHash": "8876488b5cad95e261d5455e7dd8c0bbd2c7b167a725797767f577fd41c62628",
    "appVersion": "495795e",
    "referenceFrameMeta": {
      "width": 1280,
      "height": 720,
      "refKeypointCount": 3000,
      "overall": {
        "mean": 146.190126953125,
        "stdDev": 71.02365675279306,
        "sharpness": 152.57368294157462
      },
      "climber": {
        "mean": 108.68470965859352,
        "stdDev": 44.56895107906117,
        "sharpness": 209.3349605357962
      },
      "wall": {
        "mean": 97.95346216375998,
        "stdDev": 43.0490902838062,
        "sharpness": 130.56537424522682
      },
      "flags": {
        "isOverexposed": false,
        "isUnderexposed": false,
        "isBacklit": false,
        "isLowContrast": false,
        "isBlurry": false
      }
    },
    "summary": {
      "refKeypointCount": 3000,
      "keyframeCount": 0,
      "keyframeKeypoints": {
        "min": 0,
        "avg": 0,
        "max": 0
      }
    }
  }
}