{
  "counts": {
    "matchedFrames": 110,
    "scannerMissingFrames": 471,
    "torsoUndefinedFrames": 64,
    "truthFramesAbsent": 24,
    "truthFramesTotal": 669
  },
  "joinToleranceSec": 0.05000000000000071,
  "jointSet": [
    "nose",
    "left_shoulder",
    "right_shoulder",
    "left_elbow",
    "right_elbow",
    "left_wrist",
    "right_wrist",
    "left_hip",
    "right_hip",
    "left_knee",
    "right_knee",
    "left_ankle",
    "right_ankle"
  ],
  "metric": "PCK@0.5-torso",
  "perJoint": {
    "left_ankle": {
      "correct": 100,
      "pck": 0.9433962264150944,
      "total": 106
    },
    "left_elbow": {
      "correct": 108,
      "pck": 0.9818181818181818,
      "total": 110
    },
    "left_hip": {
      "correct": 108,
      "pck": 0.9818181818181818,
      "total": 110
    },
    "left_knee": {
      "correct": 99,
      "pck": 0.9252336448598131,
      "total": 107
    },
    "left_shoulder": {
      "correct": 108,
      "pck": 0.9818181818181818,
      "total": 110
    },
    "left_wrist": {
      "correct": 93,
      "pck": 0.8942307692307693,
      "total": 104
    },
    "nose": {
      "correct": 92,
      "pck": 0.989247311827957,
      "total": 93
    },
    "right_ankle": {
      "correct": 80,
      "pck": 0.8695652173913043,
      "total": 92
    },
    "right_elbow": {
      "correct": 41,
      "pck": 0.5125,
      "total": 80
    },
    "right_hip": {
      "correct": 106,
      "pck": 0.9636363636363636,
      "total": 110
    },
    "right_knee": {
      "correct": 71,
      "pck": 0.8554216867469879,
      "total": 83
    },
    "right_shoulder": {
      "correct": 108,
      "pck": 0.9818181818181818,
      "total": 110
    },
    "right_wrist": {
      "correct": 36,
      "pck": 0.42857142857142855,
      "total": 84
    }
  },
  "routeFolder": "maze-of-death",
  "runTs": "20260717-214722",
  "scannerFrameIntervalSec": 0.10000000000000142,
  "schemaVersion": 1,
  "setupHash": "54c8d23188300b61774e854fbdf8dfcb623e480d44f8adc41154898a8a7c5170",
  "truthHash": "8dd0a2fc1b7763cd00abf4bd728e4ebd0aef93310a1fd6dc778f50253876be1e",
  "truthSetupHashSource": "truth",
  "truthSource": "ground-truth",
  "videoKey": "maze_of_death1_20260711-113427"
}
