{
  "video_key": "r1rc4PUQCxM_20260722-185611",
  "route_folder": "burden-of-dreams",
  "run_ts": "20260723-091810",
  "written_at": "2026-07-23T09:18:10",
  "type": "orb",
  "data": {
    "setupHash": "290b5738eb4e6efcbc440562e4ae72581e1ffba9d10de7dd4975b407e258c453",
    "appVersion": "f7af59a",
    "referenceFrameMeta": {
      "width": 360,
      "height": 640,
      "refKeypointCount": 2021,
      "overall": {
        "mean": 91.05144097222222,
        "stdDev": 79.93885131344136,
        "sharpness": 325.2703448305256
      },
      "climber": {
        "mean": 113.72194082840237,
        "stdDev": 68.65110580367592,
        "sharpness": 155.79985520114857
      },
      "wall": {
        "mean": 143.10418464441454,
        "stdDev": 59.338306289499535,
        "sharpness": 177.78991192877945
      },
      "flags": {
        "isOverexposed": false,
        "isUnderexposed": false,
        "isBacklit": false,
        "isLowContrast": false,
        "isBlurry": false
      }
    },
    "summary": {
      "refKeypointCount": 2021,
      "keyframeCount": 0,
      "keyframeKeypoints": {
        "min": 0,
        "avg": 0,
        "max": 0
      }
    }
  }
}