{
  "video_key": "Midnight_Lightning_V8___Yosemite__CA_20260711-125003",
  "route_folder": "midnight-lightning",
  "run_ts": "20260721-155517",
  "written_at": "2026-07-21T15:55:17",
  "type": "orb",
  "data": {
    "setupHash": "170c41f329e0116f41f0d684029c2c9026145422244df434b06b450aefe6134b",
    "appVersion": "495795e",
    "referenceFrameMeta": {
      "width": 360,
      "height": 638,
      "refKeypointCount": 2355,
      "overall": {
        "mean": 106.81592650644376,
        "stdDev": 49.70680677145746,
        "sharpness": 254.83742862261897
      },
      "climber": {
        "mean": 104.69080384447356,
        "stdDev": 32.82665205856258,
        "sharpness": 155.4743475566538
      },
      "wall": {
        "mean": 113.56317689530685,
        "stdDev": 36.293841316739474,
        "sharpness": 155.06996718921073
      },
      "flags": {
        "isOverexposed": false,
        "isUnderexposed": false,
        "isBacklit": false,
        "isLowContrast": false,
        "isBlurry": false
      }
    },
    "summary": {
      "refKeypointCount": 2355,
      "keyframeCount": 0,
      "keyframeKeypoints": {
        "min": 0,
        "avg": 0,
        "max": 0
      }
    }
  }
}