{
  "video_key": "Midnight_Lightning_V8___Yosemite__CA_20260711-125003",
  "route_folder": "midnight-lightning",
  "run_ts": "20260719-190651",
  "written_at": "2026-07-19T19:06:51",
  "type": "orb",
  "data": {
    "setupHash": "18114254914e8f14b35f1ba7537fd3c05cee6f5e1f1376f87d7040c7691764c8",
    "appVersion": "4f0d3f8",
    "referenceFrameMeta": {
      "width": 360,
      "height": 638,
      "refKeypointCount": 2441,
      "overall": {
        "mean": 106.81592650644376,
        "stdDev": 49.70680677145746,
        "sharpness": 254.83742862261897
      },
      "climber": {
        "mean": 113.09496634474685,
        "stdDev": 39.44628152265596,
        "sharpness": 218.86981363768973
      },
      "wall": {
        "mean": 95.34102182539682,
        "stdDev": 40.385113465613486,
        "sharpness": 295.5989404973516
      },
      "flags": {
        "isOverexposed": false,
        "isUnderexposed": false,
        "isBacklit": false,
        "isLowContrast": false,
        "isBlurry": false
      }
    },
    "summary": {
      "refKeypointCount": 2441,
      "keyframeCount": 0,
      "keyframeKeypoints": {
        "min": 0,
        "avg": 0,
        "max": 0
      }
    }
  }
}