{
  "video_key": "Midnight_Lightning_V8___Yosemite__CA_20260711-125003",
  "route_folder": "midnight-lightning",
  "run_ts": "20260717-232527",
  "written_at": "2026-07-17T23:25:27",
  "type": "orb",
  "data": {
    "setupHash": "4461698c96a94e63c27c4e43a7025c56cc10ed1c69437b6f8df1d3798af6feca",
    "appVersion": "744813e",
    "referenceFrameMeta": {
      "width": 360,
      "height": 638,
      "refKeypointCount": 2296,
      "overall": {
        "mean": 106.81592650644376,
        "stdDev": 49.70680677145746,
        "sharpness": 254.83742862261897
      },
      "climber": {
        "mean": 106.31616015971606,
        "stdDev": 32.57429445116512,
        "sharpness": 128.96547215565803
      },
      "wall": {
        "mean": 114.14156766829723,
        "stdDev": 36.192074090042254,
        "sharpness": 144.93550378790314
      },
      "flags": {
        "isOverexposed": false,
        "isUnderexposed": false,
        "isBacklit": false,
        "isLowContrast": false,
        "isBlurry": false
      }
    },
    "summary": {
      "refKeypointCount": 2296,
      "keyframeCount": 0,
      "keyframeKeypoints": {
        "min": 0,
        "avg": 0,
        "max": 0
      }
    }
  }
}