{
  "video_key": "f04-LTbJ01o_20260711-144150",
  "route_folder": "get-carter",
  "run_ts": "20260717-230347",
  "written_at": "2026-07-17T23:03:47",
  "type": "orb",
  "data": {
    "setupHash": "ef800b11703795d13bbafd071b43d0727afbb7e086b2955e8de8c449df0c85e5",
    "appVersion": "744813e",
    "referenceFrameMeta": {
      "width": 1280,
      "height": 720,
      "refKeypointCount": 3000,
      "overall": {
        "mean": 112.71403645833334,
        "stdDev": 61.019553321974186,
        "sharpness": 336.9261899297908
      },
      "climber": {
        "mean": 70.0851220627058,
        "stdDev": 42.17254500378607,
        "sharpness": 210.3040406556338
      },
      "wall": {
        "mean": 91.56602393617023,
        "stdDev": 40.77975581847537,
        "sharpness": 392.8831304991291
      },
      "flags": {
        "isOverexposed": false,
        "isUnderexposed": false,
        "isBacklit": false,
        "isLowContrast": false,
        "isBlurry": false
      }
    },
    "summary": {
      "refKeypointCount": 3000,
      "keyframeCount": 124,
      "keyframeKeypoints": {
        "min": 3000,
        "avg": 3000,
        "max": 3000
      }
    }
  }
}