{
  "video_key": "f04-LTbJ01o_20260711-144150",
  "route_folder": "get-carter",
  "run_ts": "20260711-150012",
  "written_at": "2026-07-11T15:00:12",
  "type": "orb",
  "data": {
    "setupHash": "86c581d95e9bcb9b74be0f4e3d09f59fa34f476b3acf6812d418df190dd3c618",
    "appVersion": "0a52b62",
    "referenceFrameMeta": {
      "width": 1280,
      "height": 720,
      "refKeypointCount": 3000,
      "overall": {
        "mean": 112.71403645833334,
        "stdDev": 61.019553321974186,
        "sharpness": 336.9261899297908
      },
      "climber": {
        "mean": 70.72812246382895,
        "stdDev": 42.71933613442216,
        "sharpness": 208.70471687880854
      },
      "wall": {
        "mean": 103.02716771490836,
        "stdDev": 55.42486862591393,
        "sharpness": 359.2867750363585
      },
      "flags": {
        "isOverexposed": false,
        "isUnderexposed": false,
        "isBacklit": false,
        "isLowContrast": false,
        "isBlurry": false
      }
    },
    "summary": {
      "refKeypointCount": 3000,
      "keyframeCount": 0,
      "keyframeKeypoints": {
        "min": 0,
        "avg": 0,
        "max": 0
      }
    }
  }
}