{
  "video_key": "Midnight_Lightning__V8_20260711-124902",
  "route_folder": "midnight-lightning",
  "run_ts": "20260711-125858",
  "written_at": "2026-07-11T12:58:59",
  "type": "orb",
  "data": {
    "setupHash": "51b73ab9b293f686d254a51024a2c3d054ba6810b7de2d69995362a515f713d2",
    "appVersion": "0a52b62",
    "referenceFrameMeta": {
      "width": 360,
      "height": 640,
      "refKeypointCount": 2490,
      "overall": {
        "mean": 136.18853732638888,
        "stdDev": 56.758264706831255,
        "sharpness": 363.85292096171725
      },
      "climber": {
        "mean": 140.58621156711365,
        "stdDev": 60.266061945746316,
        "sharpness": 275.34500433843647
      },
      "wall": {
        "mean": 141.70525083837862,
        "stdDev": 49.88354310785888,
        "sharpness": 266.91483650432195
      },
      "flags": {
        "isOverexposed": false,
        "isUnderexposed": false,
        "isBacklit": false,
        "isLowContrast": false,
        "isBlurry": false
      }
    },
    "summary": {
      "refKeypointCount": 2490,
      "keyframeCount": 0,
      "keyframeKeypoints": {
        "min": 0,
        "avg": 0,
        "max": 0
      }
    }
  }
}