{
  "video_key": "tf0hELD_M88_20260711-185634",
  "route_folder": "planet-x",
  "run_ts": "20260711-190302",
  "written_at": "2026-07-11T19:03:02",
  "type": "orb",
  "data": {
    "setupHash": "d029efe8c6fb72a9338c0be4661f0098a9ef92ed85574b87ca0da621237474f0",
    "appVersion": "0a52b62",
    "referenceFrameMeta": {
      "width": 1280,
      "height": 720,
      "refKeypointCount": 1470,
      "overall": {
        "mean": 132.55980577256943,
        "stdDev": 69.65556346308489,
        "sharpness": 149.37268170814426
      },
      "climber": {
        "mean": 67.37613074116648,
        "stdDev": 55.73082357088355,
        "sharpness": 100.12474374287011
      },
      "wall": {
        "mean": 54.20092944142393,
        "stdDev": 25.867618053224465,
        "sharpness": 36.937350982458156
      },
      "flags": {
        "isOverexposed": false,
        "isUnderexposed": false,
        "isBacklit": true,
        "isLowContrast": false,
        "isBlurry": false
      }
    },
    "summary": {
      "refKeypointCount": 1470,
      "keyframeCount": 0,
      "keyframeKeypoints": {
        "min": 0,
        "avg": 0,
        "max": 0
      }
    }
  }
}