{
  "video_key": "tf0hELD_M88_20260711-185634",
  "route_folder": "planet-x",
  "run_ts": "20260719-203907",
  "written_at": "2026-07-19T20:39:07",
  "type": "orb",
  "data": {
    "setupHash": "e815f8a11390818f5cd8cecf575e497e8209f2d4f619126b43873d747ba389c2",
    "appVersion": "4f0d3f8",
    "referenceFrameMeta": {
      "width": 1280,
      "height": 720,
      "refKeypointCount": 736,
      "overall": {
        "mean": 132.55980577256943,
        "stdDev": 69.65556346308489,
        "sharpness": 149.37268170814426
      },
      "climber": {
        "mean": 94.38722669735328,
        "stdDev": 41.35823072630788,
        "sharpness": 40.68797277660997
      },
      "wall": {
        "mean": 47.18671055955539,
        "stdDev": 12.649010504903432,
        "sharpness": 8.737306445233116
      },
      "flags": {
        "isOverexposed": false,
        "isUnderexposed": false,
        "isBacklit": false,
        "isLowContrast": false,
        "isBlurry": false
      }
    },
    "summary": {
      "refKeypointCount": 736,
      "keyframeCount": 0,
      "keyframeKeypoints": {
        "min": 0,
        "avg": 0,
        "max": 0
      }
    }
  }
}