{
  "video_key": "H4ZHP3-EoqA_20260721-224537",
  "route_folder": "rug-rat",
  "run_ts": "20260723-111254",
  "written_at": "2026-07-23T11:12:54",
  "type": "orb",
  "data": {
    "setupHash": "1175a5fe565068889d56f393608889f158292642366a9838b1213ed0b24f57a9",
    "appVersion": "f7af59a",
    "referenceFrameMeta": {
      "width": 406,
      "height": 720,
      "refKeypointCount": 1267,
      "overall": {
        "mean": 102.79492679255611,
        "stdDev": 43.947881269182886,
        "sharpness": 243.20194128247746
      },
      "climber": {
        "mean": 97.35561142537887,
        "stdDev": 47.62425624898012,
        "sharpness": 119.02522460801264
      },
      "wall": {
        "mean": 103.33940993743528,
        "stdDev": 17.765769577767085,
        "sharpness": 27.769170831714295
      },
      "flags": {
        "isOverexposed": false,
        "isUnderexposed": false,
        "isBacklit": false,
        "isLowContrast": false,
        "isBlurry": false
      }
    },
    "summary": {
      "refKeypointCount": 1267,
      "keyframeCount": 0,
      "keyframeKeypoints": {
        "min": 0,
        "avg": 0,
        "max": 0
      }
    }
  }
}