{
  "video_key": "Mandala_v12__bishop__bouldering__climbing_20260711-142400",
  "route_folder": "mandala-the",
  "run_ts": "20260717-231128",
  "written_at": "2026-07-17T23:11:28",
  "type": "orb",
  "data": {
    "setupHash": "71d75c9b88be912297e92e3413109ceb60aa13f3a29893b8d5d5aef389a9096f",
    "appVersion": "744813e",
    "referenceFrameMeta": {
      "width": 360,
      "height": 640,
      "refKeypointCount": 1660,
      "overall": {
        "mean": 102.07712239583333,
        "stdDev": 45.5766063083623,
        "sharpness": 206.20746028374924
      },
      "climber": {
        "mean": 121.76212190302476,
        "stdDev": 28.702110986282754,
        "sharpness": 130.78159796882935
      },
      "wall": {
        "mean": 98.7127197127197,
        "stdDev": 34.38695741966583,
        "sharpness": 240.66257209872495
      },
      "flags": {
        "isOverexposed": false,
        "isUnderexposed": false,
        "isBacklit": false,
        "isLowContrast": false,
        "isBlurry": false
      }
    },
    "summary": {
      "refKeypointCount": 1660,
      "keyframeCount": 0,
      "keyframeKeypoints": {
        "min": 0,
        "avg": 0,
        "max": 0
      }
    }
  }
}