{
  "video_key": "Mandala_v12__bishop__bouldering__climbing_20260711-142400",
  "route_folder": "mandala-the",
  "run_ts": "20260721-200507",
  "written_at": "2026-07-21T20:05:07",
  "type": "orb",
  "data": {
    "setupHash": "7da084b685138ee6bc177e00aec5924cd66a87dd19e0371428038caecb863886",
    "appVersion": "495795e",
    "referenceFrameMeta": {
      "width": 360,
      "height": 640,
      "refKeypointCount": 1618,
      "overall": {
        "mean": 102.07712239583333,
        "stdDev": 45.5766063083623,
        "sharpness": 206.20746028374924
      },
      "climber": {
        "mean": 117.54791354322838,
        "stdDev": 30.732256545010667,
        "sharpness": 146.10588650889443
      },
      "wall": {
        "mean": 99.23053708439897,
        "stdDev": 38.36056623553712,
        "sharpness": 272.00790264585163
      },
      "flags": {
        "isOverexposed": false,
        "isUnderexposed": false,
        "isBacklit": false,
        "isLowContrast": false,
        "isBlurry": false
      }
    },
    "summary": {
      "refKeypointCount": 1618,
      "keyframeCount": 0,
      "keyframeKeypoints": {
        "min": 0,
        "avg": 0,
        "max": 0
      }
    }
  }
}