{
  "video_key": "Mandala_v12__bishop__bouldering__climbing_20260711-142400",
  "route_folder": "mandala-the",
  "run_ts": "20260711-153431",
  "written_at": "2026-07-11T15:34:31",
  "type": "orb",
  "data": {
    "setupHash": "9094c545080ce02104cc8170554af370c7aeac986e951ea49e74d71d576d95c6",
    "appVersion": "0a52b62",
    "referenceFrameMeta": {
      "width": 360,
      "height": 640,
      "refKeypointCount": 1956,
      "overall": {
        "mean": 102.07712239583333,
        "stdDev": 45.5766063083623,
        "sharpness": 206.20746028374924
      },
      "climber": {
        "mean": 100.73742619555473,
        "stdDev": 37.57913603186878,
        "sharpness": 219.3446105620806
      },
      "wall": {
        "mean": 99.94909771876064,
        "stdDev": 35.84519638032518,
        "sharpness": 241.55749382214705
      },
      "flags": {
        "isOverexposed": false,
        "isUnderexposed": false,
        "isBacklit": false,
        "isLowContrast": false,
        "isBlurry": false
      }
    },
    "summary": {
      "refKeypointCount": 1956,
      "keyframeCount": 0,
      "keyframeKeypoints": {
        "min": 0,
        "avg": 0,
        "max": 0
      }
    }
  }
}