{
  "video_key": "JbLnt-1MOkw_20260711-143153",
  "route_folder": "lizard-therapy",
  "run_ts": "20260711-152749",
  "written_at": "2026-07-11T15:27:49",
  "type": "orb",
  "data": {
    "setupHash": "4601e87d0a613172e1fea98ae05d751fb29e87ad6cdc701f1dafddcf7a1816fe",
    "appVersion": "0a52b62",
    "referenceFrameMeta": {
      "width": 360,
      "height": 640,
      "refKeypointCount": 2358,
      "overall": {
        "mean": 105.81185329861111,
        "stdDev": 46.01495713902444,
        "sharpness": 303.0907623453768
      },
      "climber": {
        "mean": 120.31231978512461,
        "stdDev": 52.12351735293594,
        "sharpness": 333.26179622900423
      },
      "wall": {
        "mean": 107.31923326261197,
        "stdDev": 41.30318178431651,
        "sharpness": 263.702998693625
      },
      "flags": {
        "isOverexposed": false,
        "isUnderexposed": false,
        "isBacklit": false,
        "isLowContrast": false,
        "isBlurry": false
      }
    },
    "summary": {
      "refKeypointCount": 2358,
      "keyframeCount": 0,
      "keyframeKeypoints": {
        "min": 0,
        "avg": 0,
        "max": 0
      }
    }
  }
}