{
  "video_key": "JbLnt-1MOkw_20260711-143153",
  "route_folder": "lizard-therapy",
  "run_ts": "20260721-155028",
  "written_at": "2026-07-21T15:50:28",
  "type": "orb",
  "data": {
    "setupHash": "ddfdda699fb03367138fb3b889e0d2768d5c5ab5f3afe923387774c092e1a4f0",
    "appVersion": "495795e",
    "referenceFrameMeta": {
      "width": 360,
      "height": 640,
      "refKeypointCount": 1699,
      "overall": {
        "mean": 105.81185329861111,
        "stdDev": 46.01495713902444,
        "sharpness": 303.0907623453768
      },
      "climber": {
        "mean": 106.64502164502164,
        "stdDev": 44.154744781959664,
        "sharpness": 332.6387172799114
      },
      "wall": {
        "mean": 111.05185185185185,
        "stdDev": 30.302379236487347,
        "sharpness": 266.8059769463216
      },
      "flags": {
        "isOverexposed": false,
        "isUnderexposed": false,
        "isBacklit": false,
        "isLowContrast": false,
        "isBlurry": false
      }
    },
    "summary": {
      "refKeypointCount": 1699,
      "keyframeCount": 0,
      "keyframeKeypoints": {
        "min": 0,
        "avg": 0,
        "max": 0
      }
    }
  }
}