{
  "video_key": "kwhNOuYLvvM_20260722-190156",
  "route_folder": "slashface",
  "run_ts": "20260723-092606",
  "written_at": "2026-07-23T09:26:06",
  "type": "orb",
  "data": {
    "setupHash": "e1dcc589b37d4912e51361f05c1feff4b90b0b0a58e7843f16d26a687af66378",
    "appVersion": "f7af59a",
    "referenceFrameMeta": {
      "width": 360,
      "height": 640,
      "refKeypointCount": 1969,
      "overall": {
        "mean": 158.0052951388889,
        "stdDev": 54.48624673321341,
        "sharpness": 303.84599818672905
      },
      "climber": {
        "mean": 171.07457246986263,
        "stdDev": 52.42025773768036,
        "sharpness": 442.7553882429548
      },
      "wall": {
        "mean": 163.54010951676727,
        "stdDev": 38.26171051521895,
        "sharpness": 323.58634305508536
      },
      "flags": {
        "isOverexposed": false,
        "isUnderexposed": false,
        "isBacklit": false,
        "isLowContrast": false,
        "isBlurry": false
      }
    },
    "summary": {
      "refKeypointCount": 1969,
      "keyframeCount": 0,
      "keyframeKeypoints": {
        "min": 0,
        "avg": 0,
        "max": 0
      }
    }
  }
}