{
  "video_key": "fKjfXtqLA1I_20260711-144356",
  "route_folder": "get-carter",
  "run_ts": "20260717-230612",
  "written_at": "2026-07-17T23:06:12",
  "type": "orb",
  "data": {
    "setupHash": "6e5a820698e3d9f77a0d2ceb5f67c8a42e32476ce922693ab2ba3f63f79113ca",
    "appVersion": "744813e",
    "referenceFrameMeta": {
      "width": 1280,
      "height": 720,
      "refKeypointCount": 3000,
      "overall": {
        "mean": 135.21009114583333,
        "stdDev": 47.928204545590006,
        "sharpness": 175.22937136628028
      },
      "climber": {
        "mean": 92.48400070381821,
        "stdDev": 26.436416844890545,
        "sharpness": 186.21178571199195
      },
      "wall": {
        "mean": 136.68168908035568,
        "stdDev": 36.55056096867721,
        "sharpness": 230.17471093751374
      },
      "flags": {
        "isOverexposed": false,
        "isUnderexposed": false,
        "isBacklit": false,
        "isLowContrast": false,
        "isBlurry": false
      }
    },
    "summary": {
      "refKeypointCount": 3000,
      "keyframeCount": 0,
      "keyframeKeypoints": {
        "min": 0,
        "avg": 0,
        "max": 0
      }
    }
  }
}