{
  "video_key": "Bishop_Bouldering__Full_Speed__Let_s_Go_Carter__V10__20260710-192514",
  "route_folder": "full-speed-lets-go-carter",
  "run_ts": "20260710-193858",
  "written_at": "2026-07-10T19:38:58",
  "type": "orb",
  "data": {
    "setupHash": "68f757995f5e66f97d806021000193eccf3d62f9ce7804fd804517005c95aed8",
    "appVersion": "0a52b62",
    "referenceFrameMeta": {
      "width": 1280,
      "height": 720,
      "refKeypointCount": 3000,
      "overall": {
        "mean": 122.87499131944445,
        "stdDev": 59.267438812431756,
        "sharpness": 240.71418405617445
      },
      "climber": {
        "mean": 83.51860272840017,
        "stdDev": 32.90318156847945,
        "sharpness": 149.89468211385793
      },
      "wall": {
        "mean": 100.35890642675717,
        "stdDev": 39.55266335335065,
        "sharpness": 315.81210644122984
      },
      "flags": {
        "isOverexposed": false,
        "isUnderexposed": false,
        "isBacklit": false,
        "isLowContrast": false,
        "isBlurry": false
      }
    },
    "summary": {
      "refKeypointCount": 3000,
      "keyframeCount": 0,
      "keyframeKeypoints": {
        "min": 0,
        "avg": 0,
        "max": 0
      }
    }
  }
}