{
  "video_key": "Maze_of_Death_v12___Bishop__CA_20260711-112041",
  "route_folder": "maze-of-death",
  "run_ts": "20260721-155223",
  "written_at": "2026-07-21T15:52:23",
  "type": "orb",
  "data": {
    "setupHash": "8657fb244ce218eb24516b1063521f53e617400435efe53a8871ff67e8919ac1",
    "appVersion": "495795e",
    "referenceFrameMeta": {
      "width": 360,
      "height": 640,
      "refKeypointCount": 2663,
      "overall": {
        "mean": 137.2509418402778,
        "stdDev": 40.235199265862114,
        "sharpness": 267.85397325303893
      },
      "climber": {
        "mean": 98.75284552845528,
        "stdDev": 33.52576024470178,
        "sharpness": 116.53484663039673
      },
      "wall": {
        "mean": 141.8981234022775,
        "stdDev": 35.91071014757403,
        "sharpness": 276.74492981381627
      },
      "flags": {
        "isOverexposed": false,
        "isUnderexposed": false,
        "isBacklit": false,
        "isLowContrast": false,
        "isBlurry": false
      }
    },
    "summary": {
      "refKeypointCount": 2663,
      "keyframeCount": 61,
      "keyframeKeypoints": {
        "min": 2513,
        "avg": 2723.7868852459014,
        "max": 2780
      }
    }
  }
}