{
  "video_key": "Maze_of_Death_v12___Bishop__CA_20260711-112041",
  "route_folder": "maze-of-death",
  "run_ts": "20260711-112530",
  "written_at": "2026-07-11T11:25:30",
  "type": "orb",
  "data": {
    "setupHash": "4b9bd7659ff33e714f7c4ad0617a4a31552f84c14634c6da6300d534cfb3e4cc",
    "appVersion": "0a52b62",
    "referenceFrameMeta": {
      "width": 360,
      "height": 640,
      "refKeypointCount": 2622,
      "overall": {
        "mean": 137.2509418402778,
        "stdDev": 40.235199265862114,
        "sharpness": 267.85397325303893
      },
      "climber": {
        "mean": 105.42455989284348,
        "stdDev": 33.17914085701317,
        "sharpness": 127.68376049839937
      },
      "wall": {
        "mean": 143.9166614080478,
        "stdDev": 34.440708823656095,
        "sharpness": 279.2358271459671
      },
      "flags": {
        "isOverexposed": false,
        "isUnderexposed": false,
        "isBacklit": false,
        "isLowContrast": false,
        "isBlurry": false
      }
    },
    "summary": {
      "refKeypointCount": 2622,
      "keyframeCount": 0,
      "keyframeKeypoints": {
        "min": 0,
        "avg": 0,
        "max": 0
      }
    }
  }
}