{
  "video_key": "Maze_of_Death_v12___Bishop__CA_20260711-112041",
  "route_folder": "maze-of-death",
  "run_ts": "20260721-201410",
  "written_at": "2026-07-21T20:14:10",
  "type": "orb",
  "data": {
    "setupHash": "b7fc30dfda7b39899165c5e2df631b7337f274c4508e776e1f236baf863f4954",
    "appVersion": "495795e",
    "referenceFrameMeta": {
      "width": 360,
      "height": 640,
      "refKeypointCount": 2663,
      "overall": {
        "mean": 137.2509418402778,
        "stdDev": 40.235199265862114,
        "sharpness": 267.85397325303893
      },
      "climber": {
        "mean": 107.34357043788388,
        "stdDev": 35.04641241960038,
        "sharpness": 139.0635238148734
      },
      "wall": {
        "mean": 141.8981234022775,
        "stdDev": 35.91071014757403,
        "sharpness": 276.74492981381627
      },
      "flags": {
        "isOverexposed": false,
        "isUnderexposed": false,
        "isBacklit": false,
        "isLowContrast": false,
        "isBlurry": false
      }
    },
    "summary": {
      "refKeypointCount": 2663,
      "keyframeCount": 61,
      "keyframeKeypoints": {
        "min": 2513,
        "avg": 2723.7868852459014,
        "max": 2780
      }
    }
  }
}