{
  "video_key": "Maze_of_Death_v12___Bishop__CA_20260711-112041",
  "route_folder": "maze-of-death",
  "run_ts": "20260717-231749",
  "written_at": "2026-07-17T23:17:49",
  "type": "orb",
  "data": {
    "setupHash": "ca25cf1bd22a88161245673e6132871c7d48ae6b759d4829eeca0951010cb824",
    "appVersion": "744813e",
    "referenceFrameMeta": {
      "width": 360,
      "height": 640,
      "refKeypointCount": 1978,
      "overall": {
        "mean": 137.2509418402778,
        "stdDev": 40.235199265862114,
        "sharpness": 267.85397325303893
      },
      "climber": {
        "mean": 123.28399001109878,
        "stdDev": 37.70542882161891,
        "sharpness": 168.2513359677214
      },
      "wall": {
        "mean": 116.81194295900178,
        "stdDev": 30.381120219686494,
        "sharpness": 146.02720592453989
      },
      "flags": {
        "isOverexposed": false,
        "isUnderexposed": false,
        "isBacklit": false,
        "isLowContrast": false,
        "isBlurry": false
      }
    },
    "summary": {
      "refKeypointCount": 1978,
      "keyframeCount": 0,
      "keyframeKeypoints": {
        "min": 0,
        "avg": 0,
        "max": 0
      }
    }
  }
}