{
  "video_key": "h3f_qq40GOA_20260722-055327",
  "route_folder": "j-wall-the",
  "run_ts": "20260723-092339",
  "written_at": "2026-07-23T09:23:39",
  "type": "orb",
  "data": {
    "setupHash": "61bb54912ae1790b020dc4791da439790512a517b40be87e9f116b5bd0150ccd",
    "appVersion": "f7af59a",
    "referenceFrameMeta": {
      "width": 1280,
      "height": 720,
      "refKeypointCount": 2653,
      "overall": {
        "mean": 35.75127495659722,
        "stdDev": 58.024605736522034,
        "sharpness": 104.02864267531005
      },
      "climber": {
        "mean": 106.34613333333334,
        "stdDev": 38.69974809771591,
        "sharpness": 320.5022136177758
      },
      "wall": {
        "mean": 105.34704051111972,
        "stdDev": 29.143601472594412,
        "sharpness": 313.47046477580983
      },
      "flags": {
        "isOverexposed": false,
        "isUnderexposed": true,
        "isBacklit": false,
        "isLowContrast": false,
        "isBlurry": false
      }
    },
    "summary": {
      "refKeypointCount": 2653,
      "keyframeCount": 0,
      "keyframeKeypoints": {
        "min": 0,
        "avg": 0,
        "max": 0
      }
    }
  }
}